slug,name,tier,type,curator,aliases
091520,091520,curated,reference,Community,091520
092920,092920,curated,reference,Community,092920
1-nedelia,1 неделя,curated,reference,Community,1 неделя
100-of-hyacinth-life-death-problems,100 of Hyacinth Life & Death Problems,curated,technique,Community,100 of Hyacinth's Life & Death Problems
1010vs,1010vs,curated,reference,Community,1010vs
101weiqi-capture-by-shunt-bao-chi-15-10k,"101Weiqi: Capture by Shunt (Bao Chi), 15-10k",premier,technique,Community,"101Weiqi: Capture by Shunt (Bao Chi), 15-10k"
101weiqi-capturing-races,101Weiqi : Capturing Races,premier,reference,Community,101Weiqi : Capturing Races
101weiqi-com-double-atari,101Weiqi.com Double Atari,premier,reference,Community,101Weiqi.com Double Atari
101weiqi-connection,101Weiqi : Connection,premier,technique,Community,101Weiqi : Connection
101weiqi-cutting,101Weiqi : Cutting,premier,technique,Community,101Weiqi : Cutting
101weiqi-double-atari,101Weiqi : Double Atari,premier,reference,Community,101Weiqi : Double Atari
102720,102720,curated,reference,Community,102720
12-16-kyu-problems-pack-1,12-16 Kyu Problems. (Pack 1),premier,graded,Community,12-16 Kyu Problems. (Pack 1)
1200igo-quiz-1,1200igo Quiz 1,curated,reference,Community,1200igo Quiz 1
1200igo-quiz-15,1200igo Quiz 15,curated,reference,Community,1200igo Quiz 15
1200igo-quiz-2,1200igo Quiz 2,curated,reference,Community,1200igo Quiz 2
1200igo-quiz11,1200igo Quiz11,curated,reference,Community,1200igo Quiz11
1200igo-quiz13,1200igo Quiz13,premier,reference,Community,1200igo Quiz13
1200igo-quiz14,1200igo Quiz14,curated,reference,Community,1200igo Quiz14
1200igo-quiz16,1200igo Quiz16,premier,reference,Community,1200igo Quiz16
1200igo-quiz17,1200igo Quiz17,curated,reference,Community,1200igo Quiz17
1200igo-quiz18,1200igo Quiz18,curated,reference,Community,1200igo Quiz18
1200igo-quiz20,1200igo Quiz20,curated,reference,Community,1200igo Quiz20
1200igo-quiz3,1200igo Quiz3,premier,reference,Community,1200igo Quiz3
1200igo-quiz4,1200igo Quiz4,curated,reference,Community,1200igo Quiz4
1200igo-quiz5,1200igo Quiz5,curated,reference,Community,1200igo Quiz5
1200igo-quiz7,1200igo Quiz7,premier,reference,Community,1200igo Quiz7
1233214321,1233214321,curated,reference,Community,1233214321
13lu-5-si-huo-3,【13路】5.死活③,premier,reference,Community,【13路】5.死活③
19-aug-2025-basic-01,19 Aug 2025 (Basic 01),curated,reference,Community,19 Aug 2025 (Basic 01)
19lu-zong-he-wen-ti,【19路】総合問題,premier,reference,Community,【19路】総合問題
1beginner-1,#1Beginner#1,premier,graded,Community,#1Beginner#1
2-dan-up,2 Dan up,curated,graded,Community,2 Dan up
20-15k,20-15k,curated,reference,Community,20-15k
20-15kiu,20-15кю,premier,reference,Community,20-15кю
20-15kiu-3,20-15кю 3,premier,reference,Community,20-15кю 3
20-16kiu-2,20-16кю 2,premier,reference,Community,20-16кю 2
20-18-kyu,20 - 18 kyu,curated,graded,Community,20 - 18 kyu
20-25-kyu-problems-beginner-pack,20-25 Kyu problems. (Beginner pack),curated,graded,Community,20-25 Kyu problems. (Beginner's pack)
20-questions-for-masters-1,20 Questions For Masters (1),curated,reference,Community,20 Questions For Masters (1)
20-questions-for-masters-2,20 Questions For Masters (2),curated,reference,Community,20 Questions For Masters (2)
2021vs,2021vs,curated,reference,Community,  2021vs
250317-life-death-shapes,250317 Life Death Shapes,curated,reference,Community,250317 Life Death Shapes
2ze-jie-qi-jie-ketaraqin-roshiri-zu-9-19ji-easy-2-choice-questio,【2択】詰碁解けたら寝ろシリーズ【9-19級】easy 2-choice question,premier,reference,Community,【2択】詰碁解けたら寝ろシリーズ【9-19級】easy 2-choice question
30-25k-trail,30-25k trail,curated,reference,Community,30-25k trail
30k-25k-atari-fr,30K-25K Atari (FR),curated,reference,Community,30K-25K Atari (FR)
30k-gohouse001,30K Gohouse001,curated,reference,Community,30K Gohouse001
30k-gohouse002,30K Gohouse002,premier,reference,Community,30K Gohouse002
30k-gohouse003,30K Gohouse003,curated,reference,Community,30K Gohouse003
30k-gohouse004,30K Gohouse004,curated,reference,Community,30K Gohouse004
30k-gohouse005,30K Gohouse005,curated,reference,Community,30K Gohouse005
30k-gohouse019,30K Gohouse019,premier,reference,Community,30K Gohouse019
30k-to-9d,30k to 9d,curated,reference,Community,30k to 9d
38-basic-joseki,38 Basic Joseki,premier,reference,Community,38 Basic Joseki
45-kyu-direct-death-collection,45 Kyu direct death collection,curated,graded,Community,45 Kyu direct death collection
5-kyu-collection,5 Kyu Collection,curated,graded,Community,5 Kyu's Collection
5x5-problems-from-fukui-masaaki-8d,5x5 problems from Fukui Masaaki (8D),curated,reference,Community,5x5 problems from Fukui Masaaki (8D)
9x9-opening,9x9 Opening,curated,reference,Community,9x9 Opening [Go Squared Education]
9x9collection,9x9collection,curated,reference,Community,9x9collection
a-basic-dictionary-of-life-and-death-volume-one,A Basic Dictionary of Life and Death Volume One,premier,technique,Community,A Basic Dictionary of Life and Death Volume One
a-beginner-guide-to-go,A Beginner Guide to Go,premier,graded,Community,A Beginner's Guide to Go
a-few-beginner-examples-for-a-friend,a few beginner examples for a friend,curated,graded,Community,a few beginner examples for a friend
a-live-and-death-problem-2021vsgo,A-Live-And-Death problem(2021vsgo),curated,technique,Community,A-Live-And-Death problem(2021vsgo)
aataariaihthuukthaang,อาตาริให้ถูกทาง,curated,reference,Community,อาตาริให้ถูกทาง
absolute-basics-i-life-death-and-capturing,"Absolute Basics I - Life, Death and Capturing",curated,reference,Community,"Absolute Basics I - Life, Death and Capturing"
actual-game-problems,Actual game problems,curated,reference,Community,Actual game problems
advanced-capturing,Advanced Capturing,curated,reference,Community,Задачи на взятие камней. 3
aga-problems-of-the-week,AGA Problems of the Week,premier,reference,Community,AGA Problems of the Week
aige-ming-xing-de-xin-ding-shi-revolutionary-ai-jouseki,AI革命性的新定式 Revolutionary AI jouseki,premier,reference,Community,AI革命性的新定式 Revolutionary AI jouseki
ailcchabkinekhaaphwk,ไล่จับกินเข้าพวก,curated,reference,Community,ไล่จับกินเข้าพวก
alex-basic-shapes-and-motion-collection,Alex Basic Shapes and Motion Collection,premier,reference,Community,Alex's Basic Shapes and Motion Collection
alex-introduction-to-bad-results,Alex Introduction to Bad Results,curated,graded,Community,Alex's Introduction to Bad Results
alphabet-gogeo-t-group,"alphabet gogeo ""T"" group",curated,reference,Community,"alphabet gogeo ""T"" group"
alphago-zero-joseki,AlphaGo Zero Joseki,curated,reference,Community,AlphaGo Zero Joseki
amigo-no-igo-jie-qi-life-and-death-fully-automatic-response,Amigo no igo - 詰碁 - Life and Death - Fully automatic response,premier,technique,Community,Amigo no igo - 詰碁 - Life and Death - Fully automatic response
amigo-no-igo-shi-woqu-rulian-xi-a-for-beginners,amigo no igo - 石を取る練習+α - for Beginners,premier,graded,Community,amigo no igo - 石を取る練習+α -  for Beginners
an-incomplete-set-of-go-flash-cards,An incomplete set of go flash cards,curated,reference,Community,An incomplete set of go flash cards [Atorrante]
an-qu-nojie-ji,暗渠の詰基,curated,reference,Community,暗渠の詰基
ancient-questions,Ancient questions,curated,reference,Community, Ancient questions
apprendre-les-bases-du-go-en-francais,Apprendre les bases du go (en Français),premier,reference,Community,Apprendre les bases du go (en Français)
ataka,Атака,curated,reference,Community,Атака
atari,Atari,premier,reference,Community,Atari
atari-continuo,atari continuo,curated,reference,Community,atari continuo
atari-en-primera-linea,atari en primera línea,curated,reference,Community,atari en primera línea
atari-hacia-piedras-aliadas,atari hacia piedras aliadas,curated,reference,Community,atari hacia piedras aliadas
atari-mutuo,Atari mutuo,curated,reference,Community,Atari mutuo
ayd-flakeman2,AYD flakeman2,curated,reference,Community,AYD flakeman2
ba-mu-xing-yi-rectangular-eight-1,八目型 (一) Rectangular Eight 1,curated,reference,Community,八目型 (一) Rectangular Eight 1
badugyi-gico-1,바둑의 기초 1,premier,reference,Community,바둑의 기초 1
bao-chi-hugging,抱吃 Hugging,premier,reference,Community,抱吃 Hugging
basic-captures,Basic Captures,premier,technique,Community,Basic Captures
basic-course-level-1,Basic Course Level 1,premier,reference,Community,Basic Course Level 1 [Go Squared Education]
basic-exercises,basic exercises,curated,reference,Community,basic exercises
basic-instinct-practice,Basic Instinct Practice,premier,reference,Community,Basic Instinct Practice
basic-living-and-dead-eye-shapes,Basic Living and Dead Eye Shapes,curated,reference,Community,Basic Living and Dead Eye Shapes
basic-nakade-and-eyespace-defects,Basic Nakade and Eyespace Defects,curated,technique,Community,Basic Nakade and Eyespace Defects
basic-shape-recognition,Basic Shape Recognition,premier,reference,Community,базовые формы 1
basic-shapes,Basic Shapes,curated,reference,Community,Basic Shapes
basic-shapes-for-15-20-kyu,Basic shapes for 15-20 kyu,premier,graded,Community,Basic shapes for 15-20 kyu
basic-tactical-fights-from-kano-books-1-and-2,Basic tactical fights (from Kano books 1 and 2),curated,reference,Community,Basic tactical fights (from Kano books 1 and 2)
basic-techniques-of-go-tesuji-examples,Basic Techniques of Go tesuji examples,premier,technique,Community,Basic Techniques of Go tesuji examples
basic-terms-for-beginners,Basic Terms for Beginners,premier,graded,Community,Basic Terms for Beginners
basic-tesuji-1,Basic Tesuji #1,curated,technique,Community,Basic Tesuji #1
basic-tesuji-2,Basic Tesuji #2,curated,technique,Community,Basic Tesuji #2
basic1-test,Basic1 Test,premier,reference,Community,Basic1 Test
basics-tutorial,Basics Tutorial,premier,reference,Community,Basics Tutorial
basis-puzzels,Basis puzzels,curated,reference,Community,Basis puzzels
bat-doi-tren-lop,Bắt đôi trên lớp,curated,reference,Community,Bắt đôi trên lớp
bat-tai-cua-tren-lop,Bắt tại cửa trên lớp,curated,reference,Community,Bắt tại cửa trên lớp
bazovye-formy-2,базовые формы 2,premier,reference,Community,базовые формы 2
beginner-course,Beginner course,premier,graded,Community,Beginner's course
beginner-go-concepts,Beginner Go Concepts,premier,graded,Community,Beginner Go Concepts
beginner-go-tutorial-volume-1,Beginner Go: Tutorial Volume 1,premier,graded,Community,Beginner's Go: Tutorial Volume 1
beginner-guide,beginner guide,premier,graded,Community,beginner's guide
beginner-guide-to-capturing,Beginner Guide to Capturing,curated,graded,Community,Beginner's Guide to Capturing
beginner-guide-to-nakade,Beginner guide to nakade,premier,technique,Community,Beginner's guide to nakade
beginner-questions,beginner questions,curated,graded,Community,beginner's questions
beginner-quick-learn,beginner quick learn,curated,graded,Community,beginner quick learn
beginner-stuff,Beginner stuff,curated,graded,Community,Beginner stuff
beginner1,Beginner1,premier,graded,Community,Beginner1
beginner2,Beginner2,curated,graded,Community,Beginner2
beginners-question-collection,beginners question collection,curated,graded,Community,beginners question collection
beginning-shapes,Beginning Shapes,premier,reference,Community,Beginning Shapes
bgs-go-1,ฺBgs Go 1,curated,reference,Community,ฺBgs Go 1
bgs-go-4k-1d,bgs go 4k-1d,curated,reference,Community,bgs go 4k-1d
bian-bu-si-huo-zong-he-life-and-death-on-the-edge,邊部死活綜合 Life and death on the edge,curated,technique,Community,邊部死活綜合 Life and death on the edge
bian-shang-ban-liu-rectangular-six-edge,邊上板六 Rectangular six (edge),curated,reference,Community,邊上板六 Rectangular six (edge)
bk-puzzle,BK Puzzle:,curated,reference,Community,BK Puzzle:
black-cuts-white-first2024,Black cuts white first2024,curated,technique,Community,Black cuts white first2024
black-eats-white-first2024,Black eats white first2024,curated,reference,Community,Black eats white first2024
black-first-lives-forever2024,Black first lives forever2024,curated,technique,Community,Black first lives forever2024
blogcovay-3-kyu-test-demo,Blogcovay 3 kyu test demo,curated,graded,Community,Blogcovay 3 kyu test demo
board-19kh19-for-beginners,Board 19х19 for beginners,curated,graded,Community,Board 19х19 for beginners
bordes,Bordes,curated,reference,Community,Bordes
bozulich-501-zadacha-na-fuseki,Бозулич_501 задача на фусеки,premier,reference,Community,Бозулич_501 задача на фусеки
bozulich-get-strong-at-life-and-death,Bozulich — Get Strong at Life and Death,curated,technique,Community,Bozulich — Get Strong at Life and Death
bozulich-get-strong-at-the-endgame,Bozulich — Get Strong at the Endgame,curated,technique,Community,Bozulich — Get Strong at the Endgame
bptbg1,BPTBG1,premier,reference,Community,BPTBG1
british-go-journal-1967-1980-atorrante,British Go Journal 1967-1980 (Atorrante),curated,reference,Community,British Go Journal 1967-1980 (Atorrante)
british-go-journal-2001-2010-atorrante,British Go Journal 2001-2010 (Atorrante),curated,reference,Community,British Go Journal 2001-2010 (Atorrante)
british-go-journal-2011-2020-atorrante,British Go Journal 2011-2020 (Atorrante),curated,reference,Community,British Go Journal 2011-2020 (Atorrante)
british-go-journal-2021-atorrante,British Go Journal 2021-? (Atorrante),curated,reference,Community,British Go Journal 2021-? (Atorrante)
btvn-buoi-1-extra,BTVN buổi 1 extra,premier,reference,Community,BTVN buổi 1 extra
btvn-buoi-2,BTVN buổi 2,curated,reference,Community,BTVN buổi 2
btvn-buoi-3,BTVN buổi 3,curated,reference,Community,BTVN buổi 3
btvn-buoi-4,BTVN buổi 4,curated,reference,Community,BTVN buổi 4
bu-ju-xuan-dian-zong-he-training-for-openings,佈局選點綜合 Training for openings,premier,reference,Community,佈局選點綜合 Training for openings
c2b2-salvese-quien-pueda,C2B2 Sálvese quien pueda!,curated,reference,Community,C2B2 Sálvese quien pueda!
cac-hinh-thuc-cong-sat,Cac hinh thuc cong sat,curated,reference,Community,Cac hinh thuc cong sat
cambridge-practice-puzzles,Cambridge practice puzzles,premier,reference,Community,Cambridge practice puzzles
captura,Captura,premier,reference,Community,Captura
capture-101-weiqi,Capture (101 Weiqi),premier,technique,Community,Capture (101 Weiqi)
capture-concept,Capture Concept,premier,technique,Community,Capture Concept
capture-opportunity-on-7,Capture opportunity on 7,curated,technique,Community,Capture opportunity on 7
capture-race-elementary-2,Capture race -Elementary 2,curated,technique,Community,Capture race -Elementary 2
capture-skills-for-beginner,Capture Skills for Beginner,premier,technique,Community,Capture Skills for Beginner
capture-vie-et-mort-facile,"Capture, vie et mort facile",premier,technique,Community,"Capture, vie et mort  facile"
captures-and-eyes-revision,Captures and Eyes Revision,curated,technique,Community,Captures and Eyes Revision
capturing,Capturing,premier,reference,Community,Capturing
capturing-fundamentals,Capturing Fundamentals,curated,reference,Community,Задачи на взятие камней.1
capturing-tactics,Capturing Tactics,curated,reference,Community,Задачи на взятие камней. 2
carpenter-square,Carpenter square,curated,reference,Community,Carpenter's square
cchabkin-capture1,จับกิน Capture1,curated,technique,Community,จับกิน Capture1
cchabkin-capture2,จับกิน Capture2,curated,technique,Community,จับกิน Capture2
cchabkin-krun,จับกิน Krun,premier,reference,Community,จับกิน Krun
cchabkinebuue-ngtn-by-krun,จับกินเบื้องต้น By Krun,premier,reference,Community,จับกินเบื้องต้น By Krun
cchabkinesnhnueng,จับกินเส้นหนึ่ง,curated,reference,Community,จับกินเส้นหนึ่ง
chai-bian-extend-on-the-side,拆邊 Extend on the side,premier,reference,Community,拆邊 Extend on the side
challenge,challenge,premier,reference,Community,challenge
challenging-puzzles,Challenging puzzles!,premier,reference,Community,Challenging puzzles!
chance-problems-try-your-chance,Chance Problems (Try your chance!),curated,reference,Community,Chance Problems (Try your chance!)
chi-zi-capture1,吃子 Capture1,premier,technique,Community,吃子 Capture1
chi-zi-capture2,吃子 Capture2,premier,technique,Community,吃子 Capture2
chi-zi-ti-yi-cuo,吃子题-易错,premier,reference,Community,吃子题-易错
chikun-all-about-life-and-death-volume-2-a-basic-dictionary-of-l,Chikun - All about life and death - Volume 2 - A Basic Dictionary of Life and Death Part 9+,curated,technique,Community,Chikun - All about life and death - Volume 2 - A Basic Dictionary of Life and Death Part 9+
chinese-weiqi-homework-11,Chinese Weiqi Homework 11,curated,reference,Community,Chinese Weiqi Homework 11
chinh-quan-tren-lop,Chinh quân trên lớp,curated,reference,Community,Chinh quân trên lớp
cho-chikun-an-encyclopedia-of-life-death-for-beginners,"Cho Chikun ""An Encyclopedia of Life & Death"" - for Beginners",premier,author,Cho Chikun,"Cho Chikun's ""An Encyclopedia of Life & Death"" - for Beginners"
cho-chikun-elementary-problems-from-200,Cho Chikun Elementary problems (from 200),premier,author,Cho Chikun,Cho Chikun Elementary problems (from 200)
cho-chikun-life-and-death,Cho Chikun - Life and Death,curated,author,Cho Chikun,Cho Chikun - Life and Death
cho-chikun-s-encyclopedia-of-life-and-death-part-1-elementary-pr,Cho Chikun’s encyclopedia of life and death. Part 1: elementary problems,premier,author,Cho Chikun,Cho Chikun’s encyclopedia of life and death. Part 1: elementary problems
cho-nam-chul,Cho Nam Chul,premier,reference,Community,Cho Nam Chul
chu-ji-wei-qi-ti-mu,初級圍棋題目,curated,reference,Community,初級圍棋題目
chu-xin-wei-qi-jiao-xue-level-1,初心圍棋教學 Level 1,curated,reference,Community,初心圍棋教學 Level 1
chuan-bi-choi-ban-23x23,chuẩn bị chơi bàn 23x23,curated,reference,Community,chuẩn bị chơi bàn 23x23
class-5-homework-corrected-mistakes-on-q4-5-and-11,"Class 5 Homework(corrected mistakes on Q4, 5, and 11)",curated,reference,Community,"Class 5 Homework(corrected mistakes on Q4, 5, and 11)"
clossius-beginner-go-puzzles,Clossius Beginner Go Puzzles,premier,graded,Community,Clossius Beginner Go Puzzles
coleccion-tutorial-en-espanol,Colección Tutorial en español,premier,reference,Community,Colección Tutorial en español
common-josekis-for-beginners,Common Josekis for Beginners,curated,graded,Community,Common Josekis's for Beginners
common-shapes-you-should-know,Common Shapes you should know,curated,reference,Community,Common Shapes you should know
conexion-y-corte-1,conexión y corte 1,premier,reference,Community,conexión y corte 1
conexion-y-corte-ii,conexión y corte II,curated,reference,Community,conexión y corte II
conexion-y-corte-iii,conexión y corte III,curated,reference,Community,conexión y corte III
connecting-stones,Connecting Stones,curated,technique,Community,Connecting Stones
cool-puzzle,COOL PUZZLE,curated,reference,Community,COOL PUZZLE
correcting-my-breakpoints-size-9x9,Correcting my breakpoints size 9x9,premier,reference,Community,Correcting my breakpoints size 9x9
correcting-my-breakpoints-size-9x9-level-2,Correcting my breakpoints size 9x9 level 2,curated,reference,Community,Correcting my breakpoints size 9x9 level 2
critical-moment-of-life-and-death-1,Critical moment of Life and Death 1,curated,technique,Community,Critical moment of Life and Death 1
crush-oshi-tsubushi-14-kyu-10-kyu,Crush (Oshi-tsubushi) 14 kyu-10 kyu,premier,graded,Community,Crush (Oshi-tsubushi) 14 kyu-10 kyu
crush-oshi-tsubushi-4-kyu-5-dan,Crush (Oshi-tsubushi) 4 kyu-5 dan,curated,graded,Community,Crush (Oshi-tsubushi) 4 kyu-5 dan
crush-oshi-tsubushi-9-kyu-5-kyu,Crush (Oshi-tsubushi) 9 kyu-5 kyu,premier,graded,Community,Crush (Oshi-tsubushi) 9 kyu-5 kyu
cuop-tren-lop,Cướp trên lớp,premier,reference,Community,Cướp trên lớp
curso-nivel-1-vida-y-muerte-i,CURSO NIVEL 1: VIDA Y MUERTE I,curated,reference,Community,CURSO NIVEL 1: VIDA Y MUERTE I
da-chi-hou-zuo-huo-live-after-atari,打吃後做活 Live after atari,curated,technique,Community,打吃後做活 Live after atari
da-er-huan-yi-zuo-huo-capture-two-recapture-one-to-live,"打二還一做活 Capture two, recapture one to live",curated,technique,Community,"打二還一做活 Capture two, recapture one to live"
da-jie-ko-rule,打劫 Ko rule,premier,technique,Community,打劫 Ko rule
da-zhu-zui-xing-j-group,大豬嘴型 J group,curated,reference,Community,大豬嘴型 J group
dabebil-aataari,ดับเบิล อาตาริ,curated,reference,Community,ดับเบิล อาตาริ
dan-guan-dame-neutral-points,單官 dame (neutral points),premier,reference,Community,單官 dame (neutral points)
dao-pu-snapback,倒樸 Snapback,premier,reference,Community,倒樸 Snapback
darwinsais-puzzles,darwinsais puzzles,curated,reference,Community,darwinsais puzzles
day-1,day 1,premier,reference,Community,day  1
day-2,day 2,premier,reference,Community,day 2
day-3,day 3,premier,reference,Community,day 3
day-4,day 4,premier,reference,Community,day 4
day-5,day 5,premier,reference,Community,day 5
day-6,day 6,premier,reference,Community,day  6
day-7,day 7,premier,reference,Community,day 7
day-8,day 8,curated,reference,Community,day 8
day-9,day 9,curated,reference,Community,day 9
death-si-1,Death 死 1,curated,reference,Community,Death 死 1
denizy,denizy,curated,reference,Community,denizy
dgm-fuseki-puzzles-more,DGM Fuseki Puzzles & More,curated,reference,Community,DGM Fuseki Puzzles & More [Atorrante]
dian-bu-si-de-qi-xing-living-eye-shapes,點不死的棋型 Living eye shapes,premier,reference,Community,點不死的棋型　Living eye shapes
difficultish-puzzles,Difficultish Puzzles,curated,reference,Community,Difficultish Puzzles
dinh-thuc-pda,Định thức PĐA,curated,reference,Community,Định thức PĐA
dlia-novichkov,Для новичков,curated,reference,Community,Для новичков
doble-atari-elemental,Doble atari elemental,premier,reference,Community,Doble atari elemental
doble-boca-de-tigre,doble boca de tigre,curated,reference,Community,doble boca de tigre
doi-co-vay-truong-dai-hoc-y-duoc-hue-luat-co-ban-1,Đội Cờ vây Trường Đại Học Y dược Huế - Luật cơ bản #1,curated,reference,Community,Đội Cờ vây Trường Đại Học Y dược Huế - Luật cơ bản #1
doi-sat-tren-lop,Đối sát trên lớp,curated,reference,Community,Đối sát trên lớp
don-t-click-this,Don't click this,curated,reference,Community,Don't click this
double-atari,double atari,curated,reference,Community,double atari
duan-chi-capture-by-divide,斷吃 Capture by divide,premier,technique,Community,斷吃 Capture by divide
dui-sha-3-capturing-race3,對殺3 Capturing race3,premier,reference,Community,對殺3 Capturing race3
dui-sha-4-capturing-race4,對殺4 Capturing race4,premier,reference,Community,對殺4 Capturing race4
dui-sha-5-capturing-race5,對殺5 Capturing race5,curated,reference,Community,對殺5 Capturing race5
dui-sha-6-capturing-race6,對殺6 Capturing race6,curated,reference,Community,對殺6 Capturing race6
dui-sha-chang-xing-ru-men,对杀常形（入门）,curated,reference,Community,对杀常形（入门）
dutch-go-errors,Dutch Go Errors,curated,reference,Community,Dutch Go Errors
dutch-go-magazine-1969-70-7,Dutch Go Magazine 1969-70 (7),curated,reference,Community,Dutch Go Magazine  1969-70  (7) [Atorrante]
dutch-go-magazine-1970-71-8,Dutch Go Magazine 1970-71 (8),curated,reference,Community,Dutch Go Magazine 1970-71 (8) [Atorrante]
dutch-go-magazine-1978-79-16,Dutch Go Magazine 1978-79 (16),curated,reference,Community,Dutch Go Magazine 1978-79 (16)  [Atorrante]
dutch-go-magazine-1979-80-17,Dutch Go Magazine 1979-80 (17),curated,reference,Community,Dutch Go Magazine 1979-80 (17)  [Atorrante]
dutch-go-magazine-1980-81-18,Dutch Go Magazine 1980-81 (18),curated,reference,Community,Dutch Go Magazine 1980-81 (18)  [Atorrante]
dutch-go-magazine-1981-82-19,Dutch Go Magazine 1981-82 (19),curated,reference,Community,Dutch Go Magazine 1981-82 (19)  [Atorrante]
dutch-go-magazine-1982-83-20,Dutch Go Magazine 1982-83 (20),curated,reference,Community,Dutch Go Magazine 1982-83 (20)  [Atorrante]
dutch-go-magazine-1984-21,Dutch Go Magazine 1984 (21),curated,reference,Community,Dutch Go Magazine 1984 (21)  [Atorrante]
dutch-go-magazine-1986-23,Dutch Go Magazine 1986 (23),curated,reference,Community,Dutch Go Magazine 1986 (23)  [Atorrante]
dutch-go-magazine-1987-24,Dutch Go Magazine 1987 (24),premier,reference,Community,Dutch Go Magazine 1987 (24)  [Atorrante]
dutch-go-magazine-1988-25,Dutch Go Magazine 1988 (25),curated,reference,Community,Dutch Go Magazine 1988 (25)  [Atorrante]
dutch-go-magazine-1989-26,Dutch Go Magazine 1989 (26),curated,reference,Community,Dutch Go Magazine 1989 (26)  [Atorrante]
dutch-go-magazine-1990-27,Dutch Go Magazine 1990 (27),curated,reference,Community,Dutch Go Magazine 1990 (27)  [Atorrante]
dutch-go-magazine-1991-28,Dutch Go Magazine 1991 (28),curated,reference,Community,Dutch Go Magazine 1991 (28)  [Atorrante]
dutch-go-magazine-1992-29,Dutch Go Magazine 1992 (29),curated,reference,Community,Dutch Go Magazine 1992 (29)  [Atorrante]
dutch-go-magazine-1993-30,Dutch Go Magazine 1993 (30),curated,reference,Community,Dutch Go Magazine 1993 (30)  [Atorrante]
dutch-go-magazine-1994-31,Dutch Go Magazine 1994 (31),curated,reference,Community,Dutch Go Magazine 1994 (31)  [Atorrante]
dutch-go-magazine-1995-32,Dutch Go Magazine 1995 (32),curated,reference,Community,Dutch Go Magazine 1995 (32)  [Atorrante]
dutch-go-magazine-1996-33,Dutch Go Magazine 1996 (33),curated,reference,Community,Dutch Go Magazine 1996 (33)  [Atorrante]
dutch-go-magazine-1997-34,Dutch Go Magazine 1997 (34),curated,reference,Community,Dutch Go Magazine 1997 (34)  [Atorrante]
dutch-go-magazine-1998-35,Dutch Go Magazine 1998 (35),curated,reference,Community,Dutch Go Magazine 1998 (35)  [Atorrante]
dutch-go-magazine-2000-37,Dutch Go Magazine 2000 (37),curated,reference,Community,Dutch Go Magazine 2000 (37)  [Atorrante]
dutch-go-magazine-2001-38,Dutch Go Magazine 2001 (38),curated,reference,Community,Dutch Go Magazine 2001 (38)  [Atorrante]
dutch-go-magazine-2002-39,Dutch Go Magazine 2002 (39),curated,reference,Community,Dutch Go Magazine 2002 (39)  [Atorrante]
dutch-go-magazine-2003-40,Dutch Go Magazine 2003 (40),curated,reference,Community,Dutch Go Magazine 2003 (40)  [Atorrante]
dutch-go-magazine-2004-41,Dutch Go Magazine 2004 (41),curated,reference,Community,Dutch Go Magazine 2004 (41)  [Atorrante]
dutch-go-magazine-2005-42,Dutch Go Magazine 2005 (42),curated,reference,Community,Dutch Go Magazine 2005 (42)  [Atorrante]
dutch-go-magazine-2006-43,Dutch Go Magazine 2006 (43),curated,reference,Community,Dutch Go Magazine 2006 (43)  [Atorrante]
dutch-go-magazine-2008-45,Dutch Go Magazine 2008 (45),curated,reference,Community,Dutch Go Magazine 2008 (45) [Atorrante]
dutch-go-magazine-2009-46,Dutch Go Magazine 2009 (46),curated,reference,Community,Dutch Go Magazine 2009 (46) [Atorrante]
dutch-go-magazine-2010-47,Dutch Go Magazine 2010 (47),curated,reference,Community,Dutch Go Magazine 2010 (47) [Atorrante]
dutch-go-magazine-2014-16-bul-2-28-atorrante,Dutch Go Magazine 2014-16 Bul 2-28 (Atorrante),curated,reference,Community,Dutch Go Magazine 2014-16  Bul 2-28 (Atorrante)
dutch-go-magazine-2017-19-bul-29-58-atorrante,Dutch Go Magazine 2017-19 Bul 29-58 (Atorrante),curated,reference,Community,Dutch Go Magazine 2017-19  Bul 29-58 (Atorrante)
dutch-go-magazine-2020-22-bul-59-88-atorrante,Dutch Go Magazine 2020-22 Bul 59- 88 (Atorrante),premier,reference,Community,Dutch Go Magazine 2020-22  Bul  59- 88  (Atorrante)
dutch-go-magazine-2023-bul-88-107-atorrante,Dutch Go Magazine 2023 Bul 88- 107 (Atorrante),curated,reference,Community,Dutch Go Magazine 2023 Bul  88- 107  (Atorrante)
easy-12312312312,easy 12312312312,curated,reference,Community,easy 12312312312
easy-16,Easy 16,premier,reference,Community,Easy 16
easy-capture-difficulty-11k,"Easy Capture, Difficulty: 11k",premier,technique,Community,"Easy Capture, Difficulty: 11k"
easy-capture-for-beginner,Easy Capture for Beginner,curated,technique,Community,Easy Capture for Beginner
easy-haengma,Easy Haengma,curated,reference,Community,Easy Haengma
easy-peasy-go,Easy peasy GO,curated,reference,Community,Easy peasy GO
easy-peasy-puzzles,easy peasy puzzles,curated,reference,Community,easy peasy puzzles
easy-tsumego,Easy Tsumego,curated,technique,Community,Easy Tsumego
easydobs,easydobs,curated,reference,Community,easydobs
eat-me-if-you-can,eat me if you can,premier,reference,Community,eat me if you can
eat-time,EAT TIME!,curated,reference,Community,EAT TIME!
ecchaaaekhaabaan-by-krun,เจาะเข้าบ้าน by krun,curated,reference,Community,เจาะเข้าบ้าน by krun
echphhmaak,เชพหมาก,curated,reference,Community,เชพหมาก
echphhmaakchud21,เชพหมากชุด21,curated,reference,Community,เชพหมากชุด21
ecole-de-go,Ecole de Go,curated,reference,Community,Ecole de Go
ecole-de-go-de-rennes-10k,Ecole de Go de Rennes - 10k,premier,reference,Community,Ecole de Go de Rennes - 10k
ecole-de-go-de-rennes-15k,Ecole de Go de Rennes - 15k,premier,reference,Community,Ecole de Go de Rennes - 15k
ecole-de-go-de-rennes-20k,Ecole de Go de Rennes - 20k,premier,reference,Community,Ecole de Go de Rennes - 20k
ecole-de-go-de-rennes-25k,Ecole de Go de Rennes - 25k,premier,reference,Community,Ecole de Go de Rennes - 25k
ecole-de-go-de-rennes-30k,Ecole de Go de Rennes - 30k,premier,reference,Community,Ecole de Go de Rennes - 30k
ecole-de-go-de-rennes-josekis-20k,Ecole de Go de Rennes - Jôsékis 20k,premier,reference,Community,Ecole de Go de Rennes - Jôsékis 20k
ecole-de-go-de-rennes-josekis-25k,Ecole de Go de Rennes - Jôsékis 25k,curated,reference,Community,Ecole de Go de Rennes - Jôsékis 25k
ecole-de-go-de-rennes-les-formes,Ecole de Go de Rennes - Les formes,premier,reference,Community,Ecole de Go de Rennes - Les formes
ecole-de-go-de-rennes-vie-et-mort,Ecole de Go de Rennes - Vie et Mort,premier,reference,Community,Ecole de Go de Rennes - Vie et Mort
edinhnii-escape1,เดินหนี Escape1,premier,reference,Community,เดินหนี Escape1
edinhnii-escape2,เดินหนี Escape2,curated,reference,Community,เดินหนี Escape2
eindpresentatie-farel-go-1-2,Eindpresentatie farel GO 1/2,curated,reference,Community,Eindpresentatie farel GO 1/2
ejercicios-capturas-i,Ejercicios capturas I,curated,reference,Community,Ejercicios capturas I
ejercicios-de-go-para-ddk-doble-digito-en-kyu,Ejercicios de Go para DDK (Doble Digito en Kyu),curated,graded,Community,Ejercicios de Go para DDK (Doble Digito en Kyu)
elementary-problems,Elementary problems,premier,graded,Community,Elementary problems
elephant-eye,Elephant Eye,curated,reference,Community,Elephant Eye
encyclopedia-of-life-and-death-part-second,Encyclopedia of life and death part second,premier,technique,Community,Encyclopedia of life and death part second
end-game-1,End game #1,curated,reference,Community,End game #1
endgame-essentials,Endgame Essentials,premier,reference,Community,[camp] ท้ายเกม - ปัญหาช่วงท้ายเกม
endgame-problem-on-5-5-board-by-fukui-masaaki,Endgame problem on 5*5 Board by Fukui Masaaki,curated,technique,Community,Endgame problem on 5*5 Board by Fukui Masaaki
endgame1-by-krun,endgame1 by krun,premier,technique,Community,endgame1 by krun
endgame2-by-krun,endgame2 by krun,premier,technique,Community,endgame2 by krun
endgame3-by-krun,endgame3 by krun,curated,technique,Community,endgame3 by krun
epidekm-cchudaihy,เปิดเกม - จุดใหญ่,premier,reference,Community,[camp] เปิดเกม - จุดใหญ่
epidekm-l-m,เปิดเกม - ล้อม,curated,reference,Community,[camp] เปิดเกม - ล้อม
er-xian-xing-jiao-second-line-formation-corner,二線型 (角) Second line formation (Corner),curated,reference,Community,二線型 (角) Second line formation (Corner)
er-xian-xing-second-line-formation,二線型 Second line formation,curated,reference,Community,二線型　Second line formation
ertai-tesuji-level-5,Ertai Tesuji level 5,curated,technique,Community,Ertai Tesuji level 5
escaleras-repaso,Escaleras repaso,premier,reference,Community,Escaleras repaso
escape-piece2024,Escape piece2024,curated,reference,Community,Escape piece2024
ese-1,Есэ 1,curated,reference,Community,Есэ 1
essential-joseki,Essential Joseki,premier,reference,Community,Essential Joseki
evaluacion,Evaluación,curated,reference,Community,Evaluación
exercises-for-beginners,Exercises for Beginners,premier,graded,Community,Exercises for Beginners
eye-shape-fundamentals,Eye Shape Fundamentals,curated,reference,Community,ห้องจริง ห้องปลอม และ การจับกิน
eyes-life-and-death,"Eyes, life and death",premier,technique,Community,"Eyes, life and death"
falling-in-love-with-baduk-dahye-lee-jihee-baek,Falling in love with Baduk (Dahye Lee & Jihee Baek),premier,reference,Community,Falling in love with Baduk (Dahye Lee & Jihee Baek) [Atorrante]
feng-suo-block,封鎖 Block,premier,reference,Community,封鎖 Block
for-16k-4k,For 16K ~4K,curated,reference,Community,For 16K ~4K
for-beginners,For beginners,premier,graded,Community,For beginners
fourth-line-endgame,Fourth Line Endgame,curated,reference,Community,四路官子譜
fran-library,Fran Library,premier,reference,Community,Fran's Library
fran-playground,Fran Playground,curated,reference,Community,Fran's Playground
fuiter-go-huang-mo-ban-ben-geng-xin,Fuiter Go-荒漠版本更新,premier,reference,Community,Fuiter Go-荒漠版本更新
fundamentals-fighting-introduction,Fundamentals: Fighting Introduction,curated,graded,Community,Fundamentals: Fighting Introduction
fundamentals-flow-of-the-stones,Fundamentals: Flow of the Stones,curated,reference,Community,Fundamentals: Flow of the Stones
fundamentals-gen-ben,Fundamentals (根本),premier,reference,Community,Fundamentals (根本)
gao-di-pei-he-cooperation-of-third-and-forth-line,高低配合 Cooperation of third and forth line,premier,reference,Community,高低配合 Cooperation of third and forth line
ge-lei-si-huo-ji-01,各类死活集01,curated,reference,Community,各类死活集01
geta-technique,Geta Technique,premier,reference,Community,ปิดประตู
ggpb1,GGPB1,premier,reference,Community,GGPB1
ggs-2,GGs 2,curated,reference,Community,GGs 2
giang,Giang,curated,reference,Community,Giang
gibonmunjemoeum,기본문제모음,curated,reference,Community,기본문제모음
gico-munje,기초 문제,curated,reference,Community,기초 문제 
glaza-test-2,Глаза Тест 2,curated,reference,Community,Глаза Тест 2
glaza-test-3,Глаза Тест 3,premier,reference,Community,Глаза Тест 3
glaza-test-4,Глаза Тест 4,curated,reference,Community,Глаза Тест 4
glaza-test-5,Глаза Тест 5,curated,reference,Community,Глаза Тест 5
go-basics,GO Basics,premier,reference,Community,GO Basics
go-class-homework,GO CLASS HOMEWORK,curated,reference,Community,GO CLASS HOMEWORK
go-course,Go course,curated,reference,Community,Go course
go-exercise,go exercise,curated,reference,Community,go exercise
go-grundlagen-german,Go-Grundlagen (German),premier,reference,Community,Go-Grundlagen (German)
go-guide,Go guide,curated,reference,Community,Go guide
go-problems-46,Go Problems (46),curated,reference,Community,Go Problems (46)
go-problems-for-beginners-30-25kyu,Go problems for beginners 30-25kyu,premier,graded,Community,Go problems for beginners 30-25kyu
go-puzzles,go puzzles,curated,reference,Community,go puzzles
go-seigen-jikyou-fusoku-isbn-4-416-79711-7,Go Seigen Jikyou Fusoku - ISBN 4-416-79711-7,curated,author,Go Seigen,Go Seigen's Jikyou Fusoku - ISBN 4-416-79711-7 [Atorrante]
go-star,go star,curated,reference,Community,go star
go-world-problems-1999-2005,Go World Problems (1999-2005),curated,reference,Community,Go World Problems (1999-2005) [Atorrante]
go-world-problems-incomplete-1999,Go World Problems (incomplete >1999),premier,reference,Community,Go World Problems (incomplete >1999) [Atorrante]
gogameguru-easy-serie,gogameguru easy serie,premier,reference,Community,gogameguru's easy serie
golden-collection,Golden Collection,premier,reference,Community,Golden Collection
golden-opportunities,Golden Opportunities,curated,reference,Community,Рин Кайхо - Золотые возможности
gomoku-surewin-opening,Gomoku Surewin Opening,curated,reference,Community,Gomoku Surewin Opening
gong-sha-de-shou-jin-tesuji-for-kill,攻殺的手筋 Tesuji for kill,curated,technique,Community,攻殺的手筋 Tesuji for kill
good-game,good game,curated,reference,Community,good game
gostar-homeworks,Gostar Homeworks,premier,reference,Community,Gostar Homeworks
gou-xing-l-1-group,鈎型 L+1 group,curated,reference,Community,鈎型 L+1 group
graded-elementary-puzzles-for-kyu-players,Graded Elementary Puzzles for Kyu Players,premier,graded,Community,Graded Elementary Puzzles for Kyu Players
graded-go-problems-for-beginners-volume-1,Graded Go Problems for Beginners - Volume 1,premier,graded,Community,Graded Go Problems for Beginners - Volume 1
graded-go-problems-for-dan-players-life-death,Graded Go Problems for Dan Players — Life & Death,premier,technique,Community,Graded Go Problems for Dan Players — Life & Death
gt-go-w10,GT GO W10,premier,reference,Community,GT GO W10
gua-jiao-approach-the-corner,掛角 Approach the corner,premier,reference,Community,掛角 Approach the corner
guan-zi-pu-collection-volume-i,Guan Zi Pu Collection Volume I,premier,reference,Community,Guan Zi Pu Collection Volume I
gui-mie-zhi-ren-wu-xian-lie-che,鬼滅之刃無限列車,curated,reference,Community,鬼滅之刃無限列車
haengma-a-strengthen,Haengma (A) - Strengthen,curated,reference,Community,Haengma (A) - Strengthen
haengma-and-tesuji,Haengma and Tesuji,curated,technique,Community,Haengma and Tesuji
hard-but-interesting,hard but interesting,curated,reference,Community,hard but interesting
hinh-dep,Hình đẹp,curated,reference,Community,Hình đẹp
homework,Homework,curated,reference,Community,Homework
hong-dao-chang-mi-chuan-wen-ti-ji-class-b,洪道場秘傳問題集 class B,curated,reference,Community,洪道場秘傳問題集 class B
hong-dao-chang-mi-chuan-wen-ti-ji-class-c,洪道場秘傳問題集 class C,curated,reference,Community,洪道場秘傳問題集 class C
honinbo-shusai-curious-mechanics-of-life-death-igo-kenkyukai-1-1,Honinbo Shusai - Curious Mechanics of Life & Death (Igo Kenkyukai) (1) 1981 ISBN4-381-00572-4,curated,technique,Community,Honinbo Shusai - Curious Mechanics of Life & Death (Igo Kenkyukai) (1) 1981 ISBN4-381-00572-4  [Atorrante]
honinbo-shusai-curious-mechanics-of-life-death-igo-kenkyukai-2-1,Honinbo Shusai - Curious Mechanics of Life & Death (Igo Kenkyukai) (2) 1981 ISBN4-381-00572-4,curated,technique,Community,Honinbo Shusai - Curious Mechanics of Life & Death (Igo Kenkyukai) (2) 1981 ISBN4-381-00572-4  [Atorrante]
honinbo-shusai-curious-mechanics-of-life-death-igo-kenkyukai-3-1,Honinbo Shusai - Curious Mechanics of Life & Death (Igo Kenkyukai) (3) 1981 ISBN4-381-00572-4,curated,technique,Community,Honinbo Shusai - Curious Mechanics of Life & Death (Igo Kenkyukai) (3) 1981 ISBN4-381-00572-4  [Atorrante]
hou-shou-si-de-qi-xing-dead-eye-shapes,后手死的棋型 Dead eye shapes,premier,reference,Community,后手死的棋型　Dead eye shapes
hou-zi-fan-shan-monkey-climbing-the-mountain,猴子翻山 Monkey climbing the mountain,curated,reference,Community,猴子翻山 Monkey climbing the mountain
how-to-become-a-dan,How to Become a Dan,premier,graded,Community,How to Become a Dan
how-to-play-go,How to Play Go +,premier,reference,Community,How to Play Go +
huan-zheng-loose-ladder,緩征 Loose ladder,curated,technique,Community,緩征 Loose ladder
huang-ying-pu-die-the-raccoon-dog-drums-his-belly,黃鶯撲蝶 The raccoon-dog drums his belly,curated,reference,Community,黃鶯撲蝶 The raccoon-dog drums his belly
huo-qu-gen-ju-di-get-a-base,獲取根據地 Get a base,curated,reference,Community,獲取根據地 Get a base
huong-bat-quan-tren-lop,Hướng bắt quân trên lớp,curated,reference,Community,Hướng bắt quân trên lớp
hyacinth-lecture-problems-debt-collecting-1,Hyacinth Lecture Problems: Debt Collecting - 1,curated,reference,Community,Hyacinth's Lecture Problems: Debt Collecting - 1
igonoatama,いごのあたま,curated,reference,Community,いごのあたま
igra-po-forme-10kiu,"игра по форме, 10кю+",premier,reference,Community,"игра по форме, 10кю+"
igrovye-vechera,Игровые вечера,curated,reference,Community,Игровые вечера
in-seong-hwang-8d-problems,In-seong Hwang 8d Problems,premier,reference,Community,In-seong Hwang 8d's Problems
interaktivnoe-vvedenie-v-go,Интерактивное введение в Го,premier,reference,Community,Интерактивное введение в Го
intermediate-lectures,Intermediate Lectures,curated,reference,Community,佑林中級D講義
intermidiate-puzzles-for-beginners-1,Intermidiate Puzzles for Beginners 1,curated,graded,Community,Intermidiate Puzzles for Beginners 1
introduction-to-go-for-new-players-and-beginners,Introduction to GO for New Players and Beginners,curated,graded,Community,Introduction to GO for New Players and Beginners
introduction-to-puzzles,Introduction to puzzles,curated,graded,Community,Introduction to puzzles
iose-2,Йосе. 2,curated,reference,Community,Йосе. 2
iscimenozgur-joseki-problems,İscimenOzgur Joseki Problems,curated,reference,Community,İscimenOzgur's Joseki Problems
itogovye-zadachi-dlia-pervogo-goda,Итоговые задачи для первого года,curated,reference,Community,Итоговые задачи для первого года
james-davies-life-death,James Davies Life & Death,premier,technique,Community,James Davies Life & Death [Atorrante]
james-davies-tesuji,James Davies - Tesuji,curated,technique,Community,James Davies - Tesuji
james-davies-tesuji-egs-vol-3,James Davies' Tesuji (EGS vol. 3),premier,technique,Community,James Davies' Tesuji (EGS vol. 3)  [Atorrante]
james-davies-tesuji-tutorial,James Davies - Tesuji tutorial,curated,technique,Community,James Davies - Tesuji tutorial
japanese-tsumego,Japanese Tsumego,curated,technique,Community,Japanese Tsumego
jc-puzzle-if-you-can-t-open-click-my-profile,Jc puzzle (if you can’t open; click my profile!),premier,reference,Community,Jc puzzle (if you can’t open; click my profile!)
jennica-tsumego,Jennica Tsumego,premier,technique,Community,Jennica's Tsumego
ji-ben-shou-jin-shi-dian-chuan-chu-advance,基本手筋事典 穿出Advance,curated,reference,Community,基本手筋事典 穿出Advance
ji-ben-shou-jin-shi-dian-duo-gen-take-the-base,基本手筋事典 奪根 Take the base,curated,reference,Community,基本手筋事典 奪根 Take the base
ji-ben-shou-jin-shi-dian-feng-suo-kake-cover,基本手筋事典 封鎖 Kake (Cover),curated,reference,Community,基本手筋事典  封鎖  Kake (Cover)
ji-ben-shou-jin-shi-dian-huo-qi-to-live,基本手筋事典 活棋 to live,curated,technique,Community,基本手筋事典  活棋 to live
ji-ben-shou-jin-shi-dian-jie-de-gong-fang-1-ko1,基本手筋事典 劫的攻防1 Ko1,curated,technique,Community,基本手筋事典   劫的攻防1 Ko1
ji-ben-shou-jin-shi-dian-jie-de-gong-fang-2-ko-2,基本手筋事典 劫的攻防2 Ko 2,curated,technique,Community,基本手筋事典 劫的攻防2 Ko 2
ji-ben-shou-jin-shi-dian-liang-bian-jian-he-miai,基本手筋事典 兩邊見合 Miai,curated,reference,Community,基本手筋事典 兩邊見合 Miai
ji-ben-shou-jin-shi-dian-po-huai-qi-xing-shape,基本手筋事典 破壞棋形 Shape,premier,reference,Community,基本手筋事典  破壞棋形 Shape
ji-ben-shou-jin-shi-dian-po-yan-to-kill,基本手筋事典 破眼 To kill,curated,technique,Community,基本手筋事典 破眼 To kill
ji-ben-shou-jin-shi-dian-qi-fu-ijime,基本手筋事典 欺負 Ijime,curated,reference,Community,基本手筋事典  欺負 Ijime
ji-ben-shou-jin-shi-dian-teng-nuo-sabaki,基本手筋事典 騰挪Sabaki,premier,reference,Community,基本手筋事典  騰挪Sabaki
ji-ben-shou-jin-shi-dian-wen-ying-shou-probe,基本手筋事典 問應手Probe,curated,reference,Community,基本手筋事典 問應手Probe
ji-ben-shou-jin-shi-dian-zheng-xing-make-shape,基本手筋事典 整形make shape,premier,reference,Community,基本手筋事典  整形make shape
ji-ben-shou-jin-shi-dian-zheng-zhong-heaviness,基本手筋事典 整重 heaviness,curated,reference,Community,基本手筋事典 整重 heaviness
ji-ben-shou-jin-shi-dian-zhi-gu-shinogi,基本手筋事典 治孤Shinogi,curated,reference,Community,基本手筋事典  治孤Shinogi
ji-suo-yu-da-chang-urgent-point-and-big-point,急所與大場 Urgent point and big point,premier,reference,Community,急所與大場 Urgent point and big point
jia-chi-net,枷吃 Net,premier,reference,Community,枷吃 Net
jia-chi-net-hard,枷吃 Net hard,curated,reference,Community,枷吃 Net hard
jia-yan-false-eyes,假眼 false eyes,premier,reference,Community,假眼 false eyes
jiao-chi-yi-hou-jia-chi-net-after-atari,叫吃以後枷吃 Net after atari,curated,reference,Community,叫吃以後枷吃 Net after atari
jiao-chi-yi-hou-tao-chu-escape-after-atari,叫吃以後逃出 Escape after atari,premier,reference,Community,叫吃以後逃出 Escape after atari
jiao-chi-yi-hou-zheng-chi-ladder-after-atari,叫吃以後征吃 Ladder after atari,curated,technique,Community,叫吃以後征吃 Ladder after atari
jiao-shang-ban-liu-xing-rectangular-six-corner,角上扳六型 Rectangular six (corner),curated,reference,Community,角上扳六型 Rectangular six (corner)
jie-qi-wen-ti-chu-xin,詰碁問題 初心,curated,reference,Community,詰碁問題　初心
jie-zi-jie-ti-xun-lian,桔子诘题训练~~,curated,reference,Community,桔子诘题训练~~
jim-class,Jim Class,curated,reference,Community,Jim's Class
jin-ji-du-li-golden-chicken-standing-on-one-leg,金雞獨立 Golden Chicken Standing on One Leg,curated,reference,Community,金雞獨立 Golden Chicken Standing on One Leg
jin-ji-du-li-golden-chicken-standing-on-one-leg-easy,金雞獨立 Golden Chicken Standing on One Leg (easy),premier,reference,Community,金雞獨立 Golden Chicken Standing on One Leg (easy)
jin-ju-jiao-bian-xing-carpenter-square-2,金柜角變型 Carpenter Square 2,curated,reference,Community,金柜角變型　Carpenter's Square 2
jin-zhao-dian-suicide,禁着點 Suicide,premier,reference,Community,禁着點 Suicide
jing-shan-jing-shan-10-goodaa,井山丼山 10 goodaa,curated,reference,Community,井山丼山 10 goodaa's
jing-shan-jing-shan-goodaa-for-the-good-people,井山丼山 Goodaa for the good people,premier,reference,Community,井山丼山 Goodaa's for the good people
jing-shan-jing-shan-take-the-atari,井山丼山 Take the Atari,curated,reference,Community,井山丼山 Take the Atari
joseki-1-1,Joseki 1.1,curated,reference,Community,Joseki 1.1
joseki-1-25-invasion,Joseki 1-25 -invasion,premier,reference,Community,Joseki 1-25 -invasion
joseki-101-for-pl-go-club,Joseki 101 For PL Go Club,curated,reference,Community,Joseki 101 For PL Go Club
joseki-almost-antique-corner-sequences-0001-1000,JOSEKI: Almost antique corner sequences: 0001-1000,premier,reference,Community,JOSEKI: Almost antique corner sequences:  0001-1000  [Atorrante]
joseki-almost-antique-corner-sequences-1001-2000,JOSEKI: Almost antique corner sequences: 1001-2000,premier,reference,Community,JOSEKI: Almost antique corner sequences: 1001-2000  [Atorrante]
joseki-almost-antique-corner-sequences-2001-3000,JOSEKI: Almost antique corner sequences: 2001-3000,premier,reference,Community,JOSEKI: Almost antique corner sequences: 2001-3000  [Atorrante]
joseki-almost-antique-corner-sequences-3001-4000,JOSEKI: Almost antique corner sequences: 3001-4000,premier,reference,Community,JOSEKI: Almost antique corner sequences: 3001-4000 [Atorrante]
joseki-almost-antique-corner-sequences-4001-5000,JOSEKI: Almost antique corner sequences: 4001-5000,premier,reference,Community,JOSEKI: Almost antique corner sequences: 4001-5000 [Atorrante]
joseki-almost-antique-corner-sequences-5001-6000,JOSEKI: Almost antique corner sequences: 5001-6000,premier,reference,Community,JOSEKI: Almost antique corner sequences: 5001-6000 [Atorrante]
joseki-and-joseki,Joseki and joseki...,curated,reference,Community,Joseki and joseki...
joseki-every-ddk-should-know,Joseki Every DDK Should Know,premier,reference,Community,Joseki Every DDK Should Know
joseki-for-beginners-12-1-ddk-to-sdk-each-in-4-parts-learn-black,"Joseki for Beginners (12+1, DDK to SDK, Each in 4 parts: Learn, Black, White, Both)",premier,graded,Community,"Joseki for Beginners (12+1, DDK to SDK, Each in 4 parts: Learn, Black, White, Both)"
joseki-tutor-for-beginners,Joseki Tutor for Beginners,premier,graded,Community,Joseki Tutor for Beginners
joshua-basics-tutorial,Joshua Basics Tutorial,premier,reference,Community,Joshua's Basics Tutorial
joshua-tutorial-on-how-to-play-go,Joshua Tutorial on How to Play Go,curated,reference,Community,Joshua's Tutorial on How to Play Go
jp-problemas,JP problemas,curated,reference,Community,JP problemas
junior-go-0-2,junior go 0.2,curated,reference,Community,junior go 0.2
junior-level-exersices,junior level exersices,curated,reference,Community,junior level exersices
k-lehwald-h-fujisawa-fuseki-ubungen-1973,K. Lehwald & H. Fujisawa: Fuseki Ubungen (1973),curated,author,Fujisawa Shuuko,K. Lehwald & H. Fujisawa: Fuseki Ubungen (1973) [Atorrante]
kaephraaaikhdaaw-puzzle,กะเพราไข่ดาว Puzzle,curated,reference,Community,กะเพราไข่ดาว Puzzle
kageyama-ladder-drills,Kageyama ladder drills,curated,technique,Community,Kageyama ladder drills
kao-contact-play,靠 Contact play,curated,reference,Community,靠 Contact play
ke-yi-dian-si-de-qi-xing-killable-eye-shapes,可以點死的棋型 Killable eye shapes,premier,technique,Community,可以點死的棋型　Killable eye shapes
kh-thii-1-thueng-20,ข้อที่ 1 ถึง 20,curated,reference,Community,ข้อที่ 1 ถึง 20
khoa-tren-lop,Khoá trên lớp,curated,reference,Community,Khoá trên lớp
killable-eye-shapes-collection,Killable Eye Shapes Collection,curated,technique,Community,Killable Eye Shapes Collection [Life and Death]
killing-exercise-1,Killing exercise-1,curated,technique,Community,Killing exercise-1
killing-the-l-group,Killing the L group,curated,technique,Community,Killing the L group
klaangekm-cchadkaaremdbuk-cchuddaaw,กลางเกม - จัดการเม็ดบุก(จุดดาว),premier,reference,Community,[camp] กลางเกม - จัดการเม็ดบุก(จุดดาว)
klaangekm-tadslab,กลางเกม - ตัดสลับ,curated,reference,Community,[camp] กลางเกม - ตัดสลับ
klumwan-aathity,กลุ่มวันอาทิตย์,curated,reference,Community,กลุ่มวันอาทิตย์
ko-loop-concept,Ko / Loop Concept,curated,technique,Community,Ko / Loop Concept
konkurs-resheniia-zadach-dlia-pervogo-goda,Конкурс решения задач для первого года.,curated,reference,Community,Конкурс решения задач для первого года.
konkurs-resheniia-zadach-dlia-vtorogo-goda,Конкурс решения задач для второго года.,curated,reference,Community,Конкурс решения задач для второго года.
kopfnusse-fur-neueinsteiger-dgoz-4-2022-ab-30-kyu,"Kopfnüsse für Neueinsteiger - DGoZ 4/2022, ab 30 Kyu",curated,technique,Community,"Kopfnüsse für Neueinsteiger - DGoZ 4/2022, ab 30 Kyu"
kr-kyaaphisephuue-cchabkin,กรอกยาพิษเพื่อจับกิน,curated,reference,Community,กรอกยาพิษเพื่อจับกิน
krun-capturing,Krun Capturing,premier,reference,Community,ท่าจับกิน Krun
kubomatsu-pamphlet,Kubomatsu Pamphlet,curated,reference,Community,Kubomatsu's Pamphlet
kyu-gibi-calis-hafta-1,Kyu Gibi Çalış - Hafta 1,curated,graded,Community,Kyu Gibi Çalış - Hafta 1
l-d-problems,L&D Problems,curated,reference,Community,L&D Problems
ladders-dutch-go-magazine-1-25,Ladders Dutch Go Magazine 1-25,curated,technique,Community,Ladders Dutch Go Magazine 1-25  [Atorrante]
ladders-dutch-go-magazine-126-145,Ladders Dutch Go Magazine 126-145,curated,technique,Community,Ladders Dutch Go Magazine 126-145  [Atorrante]
ladders-dutch-go-magazine-26-50,Ladders Dutch Go Magazine 26-50,curated,technique,Community,Ladders Dutch Go Magazine 26-50  [Atorrante]
ladders-dutch-go-magazine-51-75,Ladders Dutch Go Magazine 51-75,curated,technique,Community,Ladders Dutch Go Magazine 51-75  [Atorrante]
ladders-dutch-go-magazine-76-100,Ladders Dutch Go Magazine 76-100,curated,technique,Community,Ladders Dutch Go Magazine 76-100  [Atorrante]
lao-shu-tou-you-mouse-stealing-oil,老鼠偷油 Mouse stealing oil,curated,reference,Community,老鼠偷油  Mouse stealing oil
laurens-en-lucca-presentatie,Laurens en Lucca presentatie,curated,reference,Community,Laurens en Lucca presentatie
learn-go-u,learn go(!@“U”@!),curated,reference,Community,learn go(!@“U”@!)
learn-to-play-go,Learn to Play Go,premier,reference,Community,Learn to Play Go
learn-to-play-go-easy,Learn to play Go easy,curated,reference,Community,Learn to play Go easy
learning-endgame,Learning Endgame,curated,technique,Community,Learning Endgame
leben-und-tod-in-der-ecke,Leben und Tod in der Ecke,curated,reference,Community,Leben und Tod in der Ecke
lee-chang-ho-tesuji-encyclopedia-i,Lee Chang-ho Tesuji Encyclopedia I,premier,technique,Community,Lee Chang-ho's Tesuji Encyclopedia I
les-bases-du-go,Les bases du go,premier,reference,Community,Les bases du go
lesson-1-atari,Lesson #1 Atari,curated,reference,Community,Lesson #1 Atari
lets-go,LETS GO,premier,reference,Community,LETS GO
level-up-1,Level Up.1,premier,reference,Community,Level Up.1
level-up-10,Level Up.10,curated,reference,Community,Level Up.10
level-up-2,Level Up.2,premier,reference,Community,Level Up.2
levelup-7-test1,LevelUp.7.test1.,curated,reference,Community,LevelUp.7.test1.
li-yong-bu-po-yan-snap-back-to-kill,利用扑破眼 Snap back to kill,premier,technique,Community,利用扑破眼 Snap back to kill
lian-pian-connecting-the-edge,連片 connecting the edge,premier,technique,Community,連片 connecting the edge
lian-pu-snapback-for-twice,連撲 Snapback for twice,premier,reference,Community,連撲 Snapback for twice
liang-ban-chang-yi-qi-ryobane,兩扳長一氣 Ryobane,curated,reference,Community,兩扳長一氣 Ryobane
liang-yan-huo-qi-two-eyes-to-live,兩眼活棋 Two eyes to live,premier,technique,Community,兩眼活棋 Two eyes to live
liang-yi-zhang-kai-double-extension,兩翼張開 Double extension,curated,reference,Community,兩翼張開 Double extension
life-and-death,Life and Death,curated,technique,Community,Life and Death
life-and-death-1000-problems-by-wang-zhipeng,Life and Death 1000 Problems by Wang Zhipeng,premier,technique,Community,Life and Death 1000 Problems by Wang Zhipeng
life-and-death-i-guess,life and death i guess,curated,technique,Community,life and death i guess
life-and-death-interesting-problems,Life and death interesting problems,curated,technique,Community,Life and death interesting problems
life-and-death-on-the-second-line,Life and Death on the Second Line,curated,technique,Community,Life and Death on the Second Line
life-and-death-problems,Life-and-Death Problems,curated,reference,Community,Life-and-Death Problems
life-and-death-problems-collection-intermediate-advanced,Life and death problems collection- intermediate/advanced,premier,technique,Community,Life and death problems collection- intermediate/advanced
life-and-death-puzzles,Life and death puzzles,curated,technique,Community,Life and death puzzles
life-and-death-questions,Life and death questions.,curated,technique,Community,Life and death questions.
life-and-death-status-big-eye,Life and Death Status - Big Eye,curated,technique,Community,Life and Death Status - Big Eye
life-huo-1,Life 活 1,curated,reference,Community,Life 活 1
linea-de-la-muerte,Línea de la Muerte,curated,reference,Community,Línea de la Muerte
liu-mu-suo-chi-xing-key-formation,六目鎖匙型 Key formation,curated,reference,Community,六目鎖匙型 Key formation
lu-01,LU!01,premier,reference,Community,LU!01
lunch-time,Lunch Time !!,curated,reference,Community,Lunch Time !!
lunes-de-tsumegos,Lunes de Tsumegos,premier,technique,Community,Lunes de Tsumegos
madgo-hkgca-life-death-for-beginners-chu-jie-si-huo,Madgo(HKGCA)_Life & Death for Beginners(初階死活),premier,technique,Community,Madgo(HKGCA)_Life & Death for Beginners(初階死活)
madgo-hkgca-tesuji-for-beginners-chu-jie-shou-jin,Madgo(HKGCA)_Tesuji for Beginners(初階手筋),premier,technique,Community,Madgo(HKGCA)_Tesuji for Beginners(初階手筋)
madgo-hkgca-tesuji-for-pre-intermediate-jin-jie-shou-jin,Madgo(HKGCA)_Tesuji for Pre-Intermediate (進階手筋),premier,technique,Community,Madgo(HKGCA)_Tesuji for Pre-Intermediate (進階手筋)
madgo-hkgca-the-l-shape-7zi-xing-si-huo,Madgo(HKGCA)_The L-Shape(7字形死活),curated,reference,Community,Madgo(HKGCA)_The L-Shape(7字形死活)
maeda-beginners-tsumego-isbn-4-488-00004-5,Maeda Beginners Tsumego - ISBN 4-488-00004-5,premier,author,Maeda Nobuaki,Maeda Beginners Tsumego - ISBN 4-488-00004-5  [Atorrante]
maeda-intermediate-tsumego-isbn-4-488-00005-3,Maeda Intermediate Tsumego - ISBN 4-488-00005-3,premier,author,Maeda Nobuaki,Maeda Intermediate Tsumego - ISBN 4-488-00005-3 [Atorrante]
magic,Magic,curated,reference,Community,Magic
mat-that-mat-gia-tren-lop,Mắt thật mắt giả trên lớp,curated,reference,Community,Mắt thật mắt giả trên lớp
men-chi-closes-the-door,門吃 Closes the door,premier,reference,Community,門吃 Closes the door
men-xing-door-group,門型 Door group,curated,reference,Community,門型 Door group
michael-redmond-9p-youtube-tsumegos,Michael Redmond 9p YouTube Tsumegos,curated,technique,Community,Michael Redmond 9p's YouTube Tsumegos
middle-game-problems,Middle Game Problems,curated,reference,Community,Middle Game Problems
milk-go,milk go,curated,reference,Community,milk go
mistakes-in-joseki-1-15-kyu,Mistakes in Joseki 1-15 kyu.,curated,graded,Community,Mistakes in Joseki 1-15 kyu.
mistakes-in-my-games,Mistakes in my games,curated,reference,Community,Mistakes in my games
motive,motive,curated,reference,Community,motive
motoki-noguchi-i-90-fondamentals-tsumego,Motoki Noguchi I : 90 Fondamentals Tsumego,premier,technique,Community,Motoki Noguchi I : 90 Fondamentals Tsumego 
moving-to-a-bigger-board-13x13-19x19-strategies,Moving to a bigger board: 13x13/19x19 Strategies,curated,reference,Community,Moving to a bigger board: 13x13/19x19 Strategies
mu-shu-pan-duan-1-territory-and-area-scoring-1,目數判斷1 Territory and Area Scoring 1,premier,reference,Community,目數判斷1 Territory and Area Scoring 1
mu-shu-pan-duan-2-territory-and-area-scoring-2,目數判斷2 Territory and Area Scoring 2,premier,reference,Community,目數判斷2 Territory and Area Scoring 2
mutcchang,มุตจัง,curated,reference,Community,มุตจัง
my-easy-puzzles,my easy puzzles,curated,reference,Community,my easy puzzles
my-picture,my picture,curated,reference,Community,my picture
my-public-games-reviews-problems,My Public Games & Reviews' Problems,curated,reference,Community,My Public Games & Reviews' Problems
mypractice,MyPractice,premier,reference,Community,MyPractice
nagahara-bozulich-handicap-go,Nagahara & Bozulich - Handicap Go,curated,reference,Community,Nagahara & Bozulich - Handicap Go [Atorrante]
nagahara-strategic-concepts-of-go-1972,Nagahara - Strategic concepts of go (1972),curated,reference,Community,Nagahara - Strategic concepts of go (1972) [Atorrante]
nefes-liberties,Nefes - Liberties,curated,reference,Community,Nefes - Liberties
net-for-beginner,Net for Beginner,curated,graded,Community,Net for Beginner
new-player-corse,new player corse,premier,reference,Community,new player corse
noi-khong-ve-tren-lop,Nối không về trên lớp,curated,reference,Community,Nối không về trên lớp
noi-quan-tren-lop,Nối quân trên lớp,premier,reference,Community,Nối quân trên lớp
nudo-de-bambu,Nudo de bambú,curated,reference,Community,Nudo de bambú
number-shape-1-5,Number Shape (1-5),premier,reference,Community,Number Shape (1-5)
number-shape-6-10,Number Shape (6-10),premier,reference,Community,Number Shape (6-10)
nyudan-strongly-made-compulsory-tesuji-250-isbn-4818202770,Nyudan strongly made compulsory tesuji 250 - ISBN 4818202770,curated,technique,Community,Nyudan's strongly made compulsory tesuji 250  -  ISBN 4818202770 [Atorrante]
o-g-s-learn-to-play-go-part-4-1-4-13,O.G.S.: Learn to play go part 4.1 ~ 4.13,curated,reference,Community,O.G.S.: Learn to play go part 4.1 ~ 4.13 [Atorrante]
o-g-s-learn-to-play-go-part-4-14-4-37,O.G.S.: Learn to play go part 4.14 ~ 4.37,premier,reference,Community,O.G.S.: Learn to play go part 4.14 ~ 4.37 [Atorrante]
o-g-s-learn-to-play-go-part-5-1-5-12,O.G.S.: Learn to play go part 5.1 ~ 5.12,premier,reference,Community,O.G.S.: Learn to play go part 5.1 ~ 5.12 [Atorrante]
o-g-s-learn-to-play-go-part-5-17-5-34,O.G.S.: Learn to play go part 5.17 ~ 5.34,premier,reference,Community,O.G.S.: Learn to play go part 5.17 ~ 5.34 [Atorrante]
o-g-s-learn-to-play-go-part-5-35-5-49,O.G.S.: Learn to play go part 5.35 ~ 5.49,premier,reference,Community,O.G.S.: Learn to play go part 5.35 ~ 5.49 [Atorrante]
o-g-s-learn-to-play-go-part-6-1-6-21,O.G.S.: Learn to play go part 6.1 ~ 6.21,premier,reference,Community,O.G.S.: Learn to play go part 6.1 ~ 6.21 [Atorrante]
o-g-s-learn-to-play-go-part-6-23-6-47,O.G.S.: Learn to play go part 6.23 ~ 6.47,premier,reference,Community,O.G.S.: Learn to play go part 6.23 ~ 6.47 [Atorrante]
o-g-s-learn-to-play-go-part-6-48-6-63,O.G.S.: Learn to play go part 6.48 ~ 6.63,premier,reference,Community,O.G.S.: Learn to play go part 6.48 ~ 6.63 [Atorrante]
o-g-s-learn-to-play-go-part-6-64-6-74,O.G.S.: Learn to play go part 6.64 ~ 6.74,curated,reference,Community,O.G.S.: Learn to play go part 6.64 ~ 6.74 [Atorrante]
o-g-s-learn-to-play-go-part-7-1-7-19,O.G.S.: Learn to play go part 7.1 ~.7.19,curated,reference,Community,O.G.S.: Learn to play go part 7.1 ~.7.19 [Atorrante]
o-g-s-learn-to-play-go-part-7-20-7-34,O.G.S.: Learn to play go part 7.20~.7.34,curated,reference,Community,O.G.S.: Learn to play go part 7.20~.7.34 [Atorrante]
occhmtiimum,โจมตีมุม,curated,reference,Community,โจมตีมุม
occhthy15k,โจทย์15K,curated,reference,Community,โจทย์15K
occhthy15k-2,โจทย์15K (2),curated,reference,Community,โจทย์15K (2)
occhthy15k-3,โจทย์15K (3),curated,reference,Community,โจทย์15K (3)
occhthy15k-30-4-2565,โจทย์15k 30/4/2565,curated,reference,Community,โจทย์15k 30/4/2565
occhthyailcchabkin,โจทย์ไล่จับกิน,curated,reference,Community,โจทย์ไล่จับกิน
occhthyhmaakl-m-25-20khiw,โจทย์หมากล้อม 25-20คิว,premier,reference,Community,โจทย์หมากล้อม 25-20คิว
occhthyradabyaak-epidaihkhnaekfrii-12-occhthy,โจทย์ระดับยาก เปิดให้คนแก้ฟรี 12 โจทย์,curated,reference,Community,โจทย์ระดับยาก เปิดให้คนแก้ฟรี 12 โจทย์
occhthyskhwiis,โจทย์สควีส,curated,reference,Community,โจทย์สควีส
ogawa-davies-the-endgame-egs-5,Ogawa & Davies - The endgame (EGS 5),curated,technique,Community,Ogawa & Davies - The endgame (EGS 5) [Atorrante]
ojos-falsos,ojos falsos,curated,reference,Community,ojos falsos
ojos-ojos-falsos,OJOS-OJOS FALSOS,curated,reference,Community,OJOS-OJOS FALSOS
oldland,OldLanD,curated,reference,Community,OldLanD
one-more-cho-intermediate,One More Cho Intermediate,curated,graded,Community,One More Cho's Intermediate
opening-bu-shi-1,Opening 布石 1,curated,reference,Community,Opening 布石 1
opening-problems,Opening Problems,curated,reference,Community,Opening Problems
opening-shapes,Opening Shapes,curated,reference,Community,[camp] เปิดเกม - เชพหมาก
opening-size-9x9-good-and-bad-moves,Opening size 9x9: good and bad moves,curated,reference,Community,Opening size 9x9: good and bad moves
original-tesuji-problem-by-takumi-go,original tesuji problem by Takumi Go,curated,technique,Community,original tesuji problem by Takumi Go
ozigo,Ozigo,curated,reference,Community,Ozigo
pandajie-qi-panda-tsumego,パンダ詰碁(Panda Tsumego),curated,technique,Community,パンダ詰碁(Panda Tsumego)
pattaelabanaidkh-ngekhaa,Pattและบันไดของเขา,curated,reference,Community,Pattและบันไดของเขา
pattt-15,Pattt.15,curated,reference,Community,Pattt.15
petit-joseki-collection,petit joseki collection,curated,reference,Community,petit joseki collection
pha-mat-tren-lop,Phá mắt trên lớp,premier,reference,Community,Phá mắt trên lớp
pidbaan-krun,ปิดบ้าน KruN,curated,reference,Community,ปิดบ้าน KruN
pim-2-eyes,PIM 2 Eyes,curated,reference,Community,PIM 2 Eyes
pim-atari,PIM Atari,premier,reference,Community,PIM Atari
pim-basic-tesuji-leader-net-snapback-and-apply-3-tactics,"PIM Basic Tesuji Leader, Net, Snapback and apply 3 tactics",curated,technique,Community,"PIM Basic Tesuji Leader, Net, Snapback and apply 3 tactics"
pim-capture,PIM Capture,premier,technique,Community,PIM Capture
pim-class-t-boss-4-basic-connections,PIM Class T.Boss > 4 Basic connections,premier,technique,Community,PIM Class T.Boss > 4 Basic connections
pim-class-t-boss-life-death-easy-kill,PIM Class T.Boss > Life & Death : Easy Kill !!,curated,technique,Community,PIM Class T.Boss > Life & Death : Easy Kill !!
pim-class-t-boss-life-death-easy-life,PIM Class T.Boss > Life & Death : Easy life!!,curated,technique,Community,PIM  Class T.Boss > Life & Death : Easy life!!
pim-class-t-boss-tesuji-net-ladder-midterm-retake-exam-m1,PIM Class T.Boss > Tesuji : Net & Ladder - Midterm retake exam M1,curated,technique,Community,PIM Class T.Boss > Tesuji : Net & Ladder - Midterm retake exam M1 
pim-class-t-boss-tesuji-snapback-3-steps,PIM Class T.Boss > Tesuji : Snapback 3 Steps,curated,technique,Community,PIM Class T.Boss > Tesuji : Snapback 3 Steps
pim-find-the-way-to-escape,PIM find the way to escape,curated,reference,Community,PIM find the way to escape
pim-how-to-capture,PIM How to Capture,curated,technique,Community,PIM How to Capture
pim-liberty,PIM Liberty,curated,reference,Community,PIM Liberty
pim-special-class-t-boss-apply-tesuji-rada-collection,PIM Special Class T.Boss > Apply Tesuji (Rada Collection),curated,technique,Community,PIM Special Class T.Boss > Apply Tesuji (Rada Collection)
play-like-god-of-go-4,play like god of go 4,curated,reference,Community,play like god of go 4
player-guide-to-go,Player Guide to Go,curated,reference,Community,Player's Guide to Go
po-yan-destroy-an-eye,破眼 Destroy an eye,premier,reference,Community,破眼 Destroy an eye
pozitsionnyi-analiz,Позиционный анализ,curated,reference,Community,Позиционный анализ
practical-tsumegos,Practical Tsumegos,curated,technique,Community,Practical Tsumegos
precise-endgame,Precise Endgame,curated,reference,Community,權甲龍精妙收官
pregame-prep,PREGAME PREP,premier,reference,Community,PREGAME PREP
principiantes,Principiantes,premier,reference,Community,Principiantes
probes,Probes,curated,reference,Community,Probes
problem-depository,Problem Depository,curated,reference,Community,Problem Depository
problem-tsumegohero-easy-capture,Problem - TsumegoHero - Easy Capture,curated,technique,Community,Problem - TsumegoHero - Easy Capture
problema-de-cho-chikun,Problema de Cho Chikun,premier,author,Cho Chikun,Problema de Cho Chikun
problemas-de-vida-muerte-y-capturas,"Problemas de vida, muerte y capturas",curated,reference,Community,"Problemas de vida, muerte y capturas"
probleme-de-vie-ou-de-mort,Problème de vie ou de mort,premier,reference,Community,Problème de vie ou de mort
probleme-go,problème go,curated,reference,Community,problème go
probleme-pour-debutant,problème pour débutant,premier,reference,Community,problème pour débutant
problems-from-pro-games,Problems from Pro Games,curated,reference,Community,Problems from Pro Games
proper-and-common-moves,Proper and Common Moves,premier,reference,Community,Proper and Common Moves
pu-snapback,撲 Snapback,curated,reference,Community,撲 Snapback
puzzle-for-beginners,Puzzle for beginners,curated,graded,Community,Puzzle for beginners
puzzles-for-30-25-kyu,Puzzles for 30-25 kyu,curated,graded,Community,Puzzles for 30-25 kyu's
pwa-lian-xi-ti-chu-ji-1,PWA 练习题 - 初级#1,curated,reference,Community,PWA 练习题 - 初级#1
pwa-lian-xi-ti-chu-ji-2,PWA 练习题 - 初级#2,curated,reference,Community,PWA 练习题 - 初级#2
pwa-lian-xi-ti-chu-ji-3,PWA 练习题 - 初级#3,curated,reference,Community,PWA 练习题 - 初级#3
pwa-lian-xi-ti-chu-ji-4,PWA 练习题 - 初级#4,curated,reference,Community,PWA 练习题 - 初级#4
pwa-shou-jin-si-huo-chu-ji-5,PWA 手筋死活 - 初级#5,curated,reference,Community,PWA 手筋死活 - 初级#5
pwachu-ji-guan-zi-ti,PWA初级官子题,curated,reference,Community,PWA初级官子题
pwachu-ji-guan-zi-ti-2,PWA初级官子题#2,curated,reference,Community,PWA初级官子题#2
qi-jin-key-stones,棋筋 Key stones,curated,reference,Community,棋筋 Key stones
qi-jing-zhong-miao-easy-probems,Qi Jing Zhong Miao - Easy Probems,premier,reference,Community,Qi Jing Zhong Miao - Easy Probems
qi-liberty-number,Qi Liberty Number,premier,reference,Community,Qi Liberty Number
qi-si-ba-huo-six-die-but-eight-live,七死八活 Six die but eight live,curated,technique,Community,七死八活 Six die but eight live
qi-tsumego,Qi Tsumego,curated,technique,Community,Qi's Tsumego
qi-zhi-ti-pu,《棋之题谱》,curated,reference,Community,《棋之题谱》
qiao-xing-bridge-group,橋型 Bridge group,curated,reference,Community,橋型 Bridge group
questions-for-100,Questions for 100,curated,reference,Community,Questions for 100
ralph-cho-chikun-tsumegos-intermediate,Ralph Cho Chikun Tsumegos Intermediate,premier,author,Cho Chikun,Ralph's Cho Chikun Tsumegos Intermediate
random-exercises,Random Exercises,curated,reference,Community,Random Exercises
random-stuff,Random stuff,curated,reference,Community,Random stuff
reading-exercises,Reading exercises,curated,reference,Community,Reading exercises
reduciendo-libertades-2,reduciendo libertades 2,premier,reference,Community,reduciendo libertades 2
reglas-basicas-aago,REGLAS BÁSICAS AAGO,premier,reference,Community,REGLAS BÁSICAS AAGO
ren-shi-si-huo-introduction-of-life-and-death,認識死活 Introduction of life and death,premier,technique,Community,認識死活 Introduction of life and death
repaso,REPASO,curated,reference,Community,REPASO
river-mountain-go-volume-1-oliver-richman,River Mountain Go Volume 1 (Oliver Richman),premier,technique,Community,River Mountain Go Volume 1 (Oliver Richman) [Atorrante]
river-mountain-tsumego-30-kyu,River Mountain Tsumego (30 Kyu),premier,technique,Community,River Mountain Tsumego (30 Kyu)
ruuphniib,รูปหนีบ,premier,reference,Community,รูปหนีบ
sacrifise-puzzle,Sacrifise Puzzle,curated,reference,Community,Sacrifise Puzzle
sadaharu-collection,Sadaharu Collection,premier,reference,Community,Sadaharu's Collection
san-xian-he-si-xian-thrid-line-and-fourth-line,三線和四線 Thrid line and Fourth line,premier,reference,Community,三線和四線 Thrid line and Fourth line
san-xian-xing-thrid-line-formation,三線型 Thrid line formation,curated,reference,Community,三線型 Thrid line formation
sangekt,สังเกต,curated,reference,Community,สังเกต
shape-up-problem-sets,Shape Up! - Problem Sets,premier,reference,Community,Shape Up! - Problem Sets
shapes,Shapes,curated,reference,Community,Shapes
sheng-fu-pan-duan-1-determine-who-wins-1,勝負判斷1 Determine who wins 1,curated,reference,Community,勝負判斷1 Determine who wins 1
sheng-fu-pan-duan-2-determine-who-wins-2,勝負判斷2 Determine who wins 2,premier,reference,Community,勝負判斷2 Determine who wins 2
shi-guan-gong-fang-de-da-yi-big-points-that-affect-fightings,事關攻防的大埸 Big points that affect fightings,premier,reference,Community,事關攻防的大埸 Big points that affect fightings
shi-guan-shuang-fang-fa-zhan-de-da-chang-big-points-for-both-sid,事關雙方發展的大場 Big points for both sides,premier,reference,Community,事關雙方發展的大場 Big points for both sides
shou-guan-1-yose1,收官1 Yose1,curated,technique,Community,收官1 Yose1
shou-hu-di-pan-protect-the-territory,守護地盤 Protect the territory,curated,reference,Community,守護地盤 Protect the territory
shou-jiao-corner-encloser,守角 Corner encloser,curated,reference,Community,守角 Corner encloser
shu-xing-comb-formation,梳型 Comb formation,curated,reference,Community,梳型 Comb formation
shuang-jiao-chi-double-atari,雙叫吃 Double Atari,curated,reference,Community,雙叫吃 Double Atari
si-huo-ce-shi-1-life-and-death-quiz-1,死活測試 1 Life and death quiz 1,curated,technique,Community,死活測試 1 Life and death quiz 1
si-huo-ce-shi-2-life-and-death-quiz-2,死活測試 2 Life and death quiz 2,curated,technique,Community,死活測試 2 Life and death quiz 2
si-huo-ce-shi-4-life-and-death-quiz-4,死活測試 4 Life and death quiz 4,curated,technique,Community,死活測試 4 Life and death quiz 4
si-huo-ce-shi-5-life-and-death-quiz-5,死活測試 5 Life and death quiz 5,curated,technique,Community,死活測試 5 Life and death quiz 5
si-huo-ce-shi-9-life-and-death-quiz-9,死活測試 9 Life and death quiz 9,curated,technique,Community,死活測試 9 Life and death quiz 9
si-huo-miao-ji-shikatsu-myoki-life-and-death-brilliant-stratagem,死活妙機 Shikatsu Myoki / Life and Death Brilliant Stratagems,curated,technique,Community,死活妙機 Shikatsu Myoki / Life and Death Brilliant Stratagems
si-huo-xiao-ci-dian,死活小辞典,curated,reference,Community,死活小辞典
si-huo-xun-lian-1-life-and-death-training-1,死活訓練1 Life and Death training 1,premier,technique,Community,死活訓練1 Life and Death training 1
si-huo-xun-lian-10-life-and-death-training-10,死活訓練10 Life and Death training 10,curated,technique,Community,死活訓練10 Life and Death training 10
si-huo-xun-lian-11-life-and-death-training-11,死活訓練11 Life and Death training 11,curated,technique,Community,死活訓練11 Life and Death training 11
si-huo-xun-lian-12-life-and-death-training-12,死活訓練12 Life and Death training 12,curated,technique,Community,死活訓練12 Life and Death training 12
si-huo-xun-lian-13-life-and-death-training-13,死活訓練13 Life and Death training 13,curated,technique,Community,死活訓練13 Life and Death training 13
si-huo-xun-lian-2-life-and-death-training-2,死活訓練2 Life and Death training 2,curated,technique,Community,死活訓練2 Life and Death training 2
si-huo-xun-lian-3-life-and-death-training-3,死活訓練3 Life and Death training 3,curated,technique,Community,死活訓練3 Life and Death training 3
si-huo-xun-lian-5-life-and-death-training-5,死活訓練5 Life and Death training 5,curated,technique,Community,死活訓練5 Life and Death training 5
si-huo-xun-lian-7-life-and-death-training-7,死活訓練7 Life and Death training 7,curated,technique,Community,死活訓練7 Life and Death training 7
si-huo-xun-lian-8-life-and-death-training-8,死活訓練8 Life and Death training 8,curated,technique,Community,死活訓練8 Life and Death training 8
si-huo-xun-lian-9-life-and-death-training-9,死活訓練9 Life and Death training 9,curated,technique,Community,死活訓練9 Life and Death training 9
si-huo-zhuan-xiang-xun-lian-10ji-dao-5ji,死活專項訓練 (10級到5級）,curated,reference,Community,死活專項訓練 (10級到5級）
si-shan-lian-guan-zi-qiang-hua-shu-da-zhan-quan-jiao,寺山怜官子強化書 大展拳腳,curated,reference,Community,寺山怜官子強化書  大展拳腳
si-shan-lian-guan-zi-qiang-hua-shu-ding-jian-ye-yu-shui-ping,寺山怜官子強化書 頂尖業餘水平,curated,reference,Community,寺山怜官子強化書  頂尖業餘水平
si-xian-xing-forth-line-formation,四線型 Forth line formation,curated,reference,Community,四線型  Forth line formation
skadcchud,สกัดจุด,premier,reference,Community,สกัดจุด
snapback-after-atari,Snapback after atari,curated,reference,Community,Snapback after atari
snapback-and-throw-in-for-beginner,Snapback and Throw in for Beginner,curated,graded,Community,Snapback and Throw in for Beginner
snapback-and-throw-in-for-elementary,Snapback and Throw in for Elementary,curated,graded,Community,Snapback and Throw in for Elementary
soedinenie-i-razrezanie-1,Соединение и разрезание 1,curated,reference,Community,Соединение и разрезание 1
somejoseki,SomeJoseki,curated,reference,Community,SomeJoseki
song-chung-tren-lop,Sống chung trên lớp,curated,reference,Community,Sống chung trên lớp
sophisticated-variations-jing-miao-nabian-hua-puroji,Sophisticated Variations - 精妙な変化・プロ級,curated,reference,Community,Sophisticated Variations - 精妙な変化・プロ級
sraangh-ng,สร้างห้อง,curated,reference,Community,สร้างห้อง
standartnye-dzhosseki,Стандартные джоссеки,curated,reference,Community,Стандартные джоссеки
steppingstones-to-go,Steppingstones to Go,curated,reference,Community,Steppingstones to Go
stone-development-for-beginners,Stone Development for Beginners,premier,graded,Community,Stone Development for Beginners
student-box-vol-1,Student Box Vol.1,curated,reference,Community,Student Box Vol.1
studies-for-the-elementary-player,Studies for the Elementary Player,premier,graded,Community,Studies for the Elementary Player
sung-ho-baek-the-master-of-haengma,Sung-Ho Baek The Master of Haengma,curated,reference,Community,Sung-Ho Baek's The Master of Haengma [Atorrante]
suo-xiao-dui-fang-de-mu-reducing-opponent-territory,縮小對方的目 Reducing opponent territory,premier,reference,Community,縮小對方的目 Reducing opponent's territory 
super-tesuji-exchanges,Super tesuji exchanges,curated,technique,Community,Super tesuji exchanges
sviazi-kamnei,Связи камней,curated,reference,Community,Связи камней
szpur-joseki-and-other-variations,Szpur Joseki and other variations,curated,reference,Community,Szpur Joseki and other variations
tactics-tutor,Tactics Tutor,premier,reference,Community,Tactics Tutor
tad-echuue-m-basic-by-krun,ตัด/เชื่อม Basic By Krun,premier,reference,Community,ตัด/เชื่อม Basic By Krun
tadhmaakephuue-cchabkin,ตัดหมากเพื่อจับกิน,curated,reference,Community,ตัดหมากเพื่อจับกิน
tadslab-krun,ตัดสลับ Krun,curated,reference,Community,ตัดสลับ Krun
tan-cong,Tan cong,curated,reference,Community,Tan cong
tao-mat-tren-lop,Tạo mắt trên lớp,premier,reference,Community,Tạo mắt trên lớp
tao-zi-escape-1,逃子 Escape 1,premier,reference,Community,逃子 Escape 1
tao-zi-escape-2,逃子 Escape 2,premier,reference,Community,逃子 Escape 2
taruc-practice-1,TARUC: Practice#1,curated,reference,Community,TARUC: Practice#1
taruc-practice-2,TARUC: Practice#2,premier,reference,Community,TARUC: Practice#2
taruc-practice-3,TARUC: Practice#3,curated,reference,Community,TARUC: Practice#3
taruc-practice-4,TARUC: Practice#4,curated,reference,Community,TARUC: Practice#4
taruc-practice-6,TARUC: Practice#6,curated,reference,Community,TARUC: Practice#6
taruc-practice-7,TARUC: Practice#7,curated,reference,Community,TARUC: Practice#7
te-bie-zhi-si-huo-ti,特別之死活題,curated,reference,Community,特別之死活題
techniques-of-whole-board-thinking,Techniques of Whole Board Thinking,curated,reference,Community,Techniques of Whole Board Thinking
tecnica-de-snapback,técnica de snapback,curated,reference,Community,técnica de snapback
tekhnika-3,Техника 3,curated,reference,Community,Техника 3
tekhnika-4,Техника 4,curated,reference,Community,Техника 4
test-your-go-strenght,Test Your GO Strenght,curated,reference,Community,Test Your GO Strenght
test1357890,test1357890,curated,reference,Community,test1357890
tesudzi-1,Тесудзи.1,curated,reference,Community,Тесудзи.1
tesudzi-10,Тесудзи.10,curated,reference,Community,Тесудзи.10
tesudzi-12,Тесудзи.12,curated,reference,Community,Тесудзи.12
tesudzi-2,Тесудзи.2,curated,reference,Community,Тесудзи.2
tesudzi-3,Тесудзи.3,curated,reference,Community,Тесудзи.3
tesudzi-3-semeai,Тэсудзи 3 Сэмэай,premier,reference,Community,Тэсудзи 3 Сэмэай
tesudzi-4,Тесудзи 4,curated,reference,Community,Тесудзи 4
tesudzi-5,Тесудзи 5,curated,reference,Community,Тесудзи 5
tesudzi-7,Тесудзи.7,curated,reference,Community,Тесудзи.7
tesudzi-8,Тесудзи.8,curated,reference,Community,Тесудзи.8
tesuji,Tesuji,curated,technique,Community,Tesuji
tesuji-capturing,Tesuji: Capturing,curated,reference,Community,基本手筋事典 吃子 capturing
tesuji-dictionary,Tesuji Dictionary,curated,reference,Community,수근대사전
tesuji-elementary-go-series-v-james-davies,Tesuji (Elementary Go Series V) James Davies,premier,technique,Community,Tesuji (Elementary Go Series V) James Davies
tesuji-problems,Tesuji problems,curated,technique,Community,Tesuji problems
tesuji-problems-collection-intermediate-advanced,Tesuji problems collection - intermediate/advanced,curated,technique,Community,Tesuji problems collection - intermediate/advanced
tesuji-spree,Tesuji spree,curated,technique,Community,Tesuji spree
tesuji-strength,Tesuji Strength Training,curated,reference,Community,Стань сильным в тэсудзи
tetsuo-tsumego,Tetsuo Tsumego,premier,technique,Community,Tetsuo's Tsumego
thaayekm-aidmuue-esiiyemuue,ท้ายเกม - ได้มือ เสียเมือ,curated,reference,Community,[camp] ท้ายเกม - ได้มือ เสียเมือ
thdl-ng,ทดลอง,premier,reference,Community,ทดลอง
the-art-of-go-series-i,The Art of Go Series I,premier,reference,Community,The Art of Go Series I 
the-best-collection-for-beginners-vol-1-30-20k,"The best collection for beginners. Vol. 1, 30-20k.",premier,graded,Community,"The best collection for beginners. Vol. 1, 30-20k."
the-book-of-pure-pleasures-and-forgotten-worries,The Book of Pure Pleasures and Forgotten Worries,premier,reference,Community,The Book of Pure Pleasures and Forgotten Worries
the-celestial-arsenal,The Celestial Arsenal,curated,reference,Community,The Celestial Arsenal
the-direction-of-play-takeo-kajiwara,The Direction of Play - Takeo Kajiwara,curated,reference,Community,The Direction of Play - Takeo Kajiwara 
the-endgame-elementary-go-series-tomoko-ogawa-and-james-davies,The Endgame (Elementary Go Series) Tomoko Ogawa and James Davies,premier,technique,Community,The Endgame (Elementary Go Series)  Tomoko Ogawa and James Davies
the-fundamentals-1,The Fundamentals 1,premier,reference,Community,The Fundamentals 1
the-go-problems-that-are-good,The Go problems that are good,curated,reference,Community,The Go problems that are good
the-internet-tumego-book,The internet-tumego-book,premier,reference,Community,The internet-tumego-book
the-life-and-death-collection,The life and death collection,curated,technique,Community,The life and death collection
the-many-ways-to-go,The Many Ways to Go,premier,reference,Community,The Many Ways to Go
the-theory-and-practice-of-go-problems,The theory and practice of Go - Problems,curated,reference,Community,The theory and practice of Go - Problems
the-wisdom-of-go-beginners,The Wisdom of Go Beginners,curated,graded,Community,The Wisdom of Go Beginners
throw-in,Throw in,curated,reference,Community,Throw in
tonmai-easy,Tonmai easy,curated,reference,Community,Tonmai easy
train-like-a-pro-kim-seong-rae,Train Like a Pro (Kim Seong-rae),curated,reference,Community,Train Like a Pro (Kim Seong-rae)
train-your-capture-skills,train your capture skills,premier,technique,Community,train your capture skills
treniruisia-kak-profi-1,Тренируйся как профи.1,curated,reference,Community,Тренируйся как профи.1
treniruisia-kak-profi-10,Тренируйся как профи.10,curated,reference,Community,Тренируйся как профи.10
treniruisia-kak-profi-12,Тренируйся как профи.12,curated,reference,Community,Тренируйся как профи.12
treniruisia-kak-profi-13,Тренируйся как профи.13,curated,reference,Community,Тренируйся как профи.13
treniruisia-kak-profi-14,Тренируйся как профи.14,curated,reference,Community,Тренируйся как профи.14
treniruisia-kak-profi-15,Тренируйся как профи.15,curated,reference,Community,Тренируйся как профи.15
treniruisia-kak-profi-19,Тренируйся как профи.19,premier,reference,Community,Тренируйся как профи.19
treniruisia-kak-profi-2,Тренируйся как профи.2,curated,reference,Community,Тренируйся как профи.2
treniruisia-kak-profi-21,Тренируйся как профи.21,curated,reference,Community,Тренируйся как профи.21
treniruisia-kak-profi-3,Тренируйся как профи.3,curated,reference,Community,Тренируйся как профи.3
treniruisia-kak-profi-4,Тренируйся как профи.4,curated,reference,Community,Тренируйся как профи.4
treniruisia-kak-profi-9,Тренируйся как профи.9,curated,reference,Community,Тренируйся как профи.9
tsumego-hero-easy-capture,Tsumego Hero Easy Capture,premier,technique,Community,Tsumego Hero Easy Capture
tuo-lian-jie-underneath-attachment,托連接 Underneath Attachment,curated,reference,Community,托連接 Underneath Attachment
turkey-library,Turkey Library,premier,reference,Community,Turkey Library
tuto-go-fr,Tuto GO FR,premier,reference,Community,Tuto GO FR
two-space-base,Two Space Base,premier,reference,Community,Two Space Base
utaro-hashimoto-1-1979-isbn4-381-00570-8,Utaro Hashimoto (1) 1979 - ISBN4-381-00570-8,curated,author,Hashimoto Utaro,Utaro Hashimoto (1) 1979 - ISBN4-381-00570-8  [Atorrante]
utaro-hashimoto-1-1980-isbn4-381-00571-6,Utaro Hashimoto (1) 1980 - ISBN4-381-00571-6,curated,author,Hashimoto Utaro,Utaro Hashimoto (1) 1980 - ISBN4-381-00571-6  [Atorrante]
utaro-hashimoto-1-1980-isbn4-381-00590-2,Utaro Hashimoto (1) 1980 - ISBN4-381-00590-2,curated,author,Hashimoto Utaro,Utaro Hashimoto (1) 1980 - ISBN4-381-00590-2  [Atorrante]
utaro-hashimoto-2-1979-isbn4-381-00570-8,Utaro Hashimoto (2) 1979 - ISBN4-381-00570-8,curated,author,Hashimoto Utaro,Utaro Hashimoto (2) 1979 - ISBN4-381-00570-8  [Atorrante]
utaro-hashimoto-2-1980-isbn4-381-00590-2,Utaro Hashimoto (2) 1980 - ISBN4-381-00590-2,curated,author,Hashimoto Utaro,Utaro Hashimoto (2) 1980 - ISBN4-381-00590-2  [Atorrante]
utaro-hashimoto-3-1979-isbn4-381-00570-8,Utaro Hashimoto (3) 1979 - ISBN4-381-00570-8,curated,author,Hashimoto Utaro,Utaro Hashimoto (3) 1979 - ISBN4-381-00570-8  [Atorrante]
utaro-hashimoto-3-1980-isbn4-381-00571-6,Utaro Hashimoto (3) 1980 - ISBN4-381-00571-6,curated,author,Hashimoto Utaro,Utaro Hashimoto (3) 1980 - ISBN4-381-00571-6  [Atorrante]
utaro-hashimoto-3-1980-isbn4-381-00590-2,Utaro Hashimoto (3) 1980 - ISBN4-381-00590-2,curated,author,Hashimoto Utaro,Utaro Hashimoto (3) 1980 - ISBN4-381-00590-2  [Atorrante]
utaro-hashimoto-4-1980-isbn4-381-00571-6,Utaro Hashimoto (4) 1980 - ISBN4-381-00571-6,curated,author,Hashimoto Utaro,Utaro Hashimoto (4) 1980 - ISBN4-381-00571-6  [Atorrante]
utaro-hashimoto-4-1980-isbn4-381-00590-2,Utaro Hashimoto (4) 1980 - ISBN4-381-00590-2,curated,author,Hashimoto Utaro,Utaro Hashimoto (4) 1980 - ISBN4-381-00590-2  [Atorrante]
utaro-hashimoto-5-1980-isbn4-381-00571-6,Utaro Hashimoto (5) 1980 - ISBN4-381-00571-6,curated,author,Hashimoto Utaro,Utaro Hashimoto (5) 1980 - ISBN4-381-00571-6  [Atorrante]
utaro-hashimoto-6-1980-isbn4-381-00571-6,Utaro Hashimoto (6) 1980 - ISBN4-381-00571-6,premier,author,Hashimoto Utaro,Utaro Hashimoto (6) 1980 - ISBN4-381-00571-6  [Atorrante]
utaro-hashimoto-7-1980-isbn4-381-00571-6,* Utaro Hashimoto (7) 1980 - ISBN4-381-00571-6,curated,author,Hashimoto Utaro,* Utaro Hashimoto (7) 1980 - ISBN4-381-00571-6  [Atorrante]
utaro-hashimoto-8-1980-isbn4-381-00571-6,* Utaro Hashimoto (8) 1980 - ISBN4-381-00571-6,curated,author,Hashimoto Utaro,* Utaro Hashimoto (8) 1980 - ISBN4-381-00571-6  [Atorrante]
uvod-u-go,Uvod u Go,premier,reference,Community,Uvod u Go
van-vuong-bai-tap-nhap-mon,Văn Vương - Bài tập nhập môn,premier,reference,Community,Văn Vương - Bài tập nhập môn
vida-y-muerte-elemental,vida y muerte elemental,premier,reference,Community,vida y muerte elemental
vo-nguoc-tren-lop,Vồ ngược trên lớp,curated,reference,Community,Vồ ngược trên lớp
volume-2,Volume 2,premier,reference,Community,Volume 2 
volume-2-part-1,Volume 2 Part 1,premier,reference,Community,Volume 2 Part 1
wang-zhi-et-al-1000-tsumegos,Wang Zhi et al. 1000 Tsumegos,premier,technique,Community,Wang Zhi et al.'s 1000 Tsumegos
water12345,water12345,curated,reference,Community,water12345
water12345-jingong,water12345 - jingong,curated,reference,Community,water12345 - jingong
water12345-shoujin-1,water12345 - shoujin - 1,premier,reference,Community,water12345 - shoujin - 1
water12345-shoujin-2,water12345 - shoujin - 2,premier,reference,Community,water12345 - shoujin - 2
wayu999,wayu999,curated,reference,Community,wayu999
week-1-beginner,week 1 (Beginner),premier,graded,Community,week 1 (Beginner)
wei-qi-chi-zi-tiao-zhan,〖圍棋〗～吃子挑戰～,premier,reference,Community,〖圍棋〗～吃子挑戰～
wei-qi-ru-men-di-ba-zhang-lian-jie-yu-fen-duan-di-yan-sheng-xu-y,"《围棋入门》第八章：连接与分断（翟燕生、徐莹 编著）(Introduction to Weiqi, by Di Yansheng and Xu Ying; Chapter 8: Connection and separation)",curated,technique,Community,"《围棋入门》第八章：连接与分断（翟燕生、徐莹 编著）(Introduction to Weiqi, by Di Yansheng and Xu Ying; Chapter 8: Connection and separation)"
wei-qi-ru-men-di-er-zhang-chi-zi-di-yan-sheng-xu-ying-bian-zhu-i,"《围棋入门》第二章：吃子（翟燕生、徐莹 编著）(Introduction to Weiqi, by Di Yansheng and Xu Ying; Chapter 2: Capturing techniques)",premier,graded,Community,"《围棋入门》第二章：吃子（翟燕生、徐莹 编著）(Introduction to Weiqi, by Di Yansheng and Xu Ying; Chapter 2: Capturing techniques)"
wei-qi-ru-men-di-qi-zhang-si-huo-qi-ji-ben-xing-di-yan-sheng-xu,"《围棋入门》第七章：死活棋基本型（翟燕生、徐莹 编著）(Introduction to Weiqi, by Di Yansheng and Xu Ying; Chapter 7: Basic life and death shapes)",curated,technique,Community,"《围棋入门》第七章：死活棋基本型（翟燕生、徐莹 编著）(Introduction to Weiqi, by Di Yansheng and Xu Ying; Chapter 7: Basic life and death shapes)"
wei-qi-ru-men-di-san-zhang-si-huo-qi-jian-jie-di-yan-sheng-xu-yi,"《围棋入门》第三章：死活棋简介（翟燕生、徐莹 编著）(Introduction to Weiqi, by Di Yansheng and Xu Ying; Chapter 3: Life and death basics)",curated,technique,Community,"《围棋入门》第三章：死活棋简介（翟燕生、徐莹 编著）(Introduction to Weiqi, by Di Yansheng and Xu Ying; Chapter 3: Life and death basics)"
wei-qi-ru-men-di-shi-yi-zhang-qi-xing-yu-gong-shou-yao-dian-di-y,"《围棋入门》第十一章：棋形与攻守要点（翟燕生、徐莹 编著）(Introduction to Weiqi, by Di Yansheng and Xu Ying; Chapter 11: Shape, attack and defence)",curated,graded,Community,"《围棋入门》第十一章：棋形与攻守要点（翟燕生、徐莹 编著）(Introduction to Weiqi, by Di Yansheng and Xu Ying; Chapter 11: Shape, attack and defence)"
wei-qi-ru-men-di-si-zhang-luo-zi-chang-gui-di-yan-sheng-xu-ying,"《围棋入门》第四章：落子常规（翟燕生、徐莹 编著）(Introduction to Weiqi, by Di Yansheng and Xu Ying; Chapter 4: General guidelines)",curated,graded,Community,"《围棋入门》第四章：落子常规（翟燕生、徐莹 编著）(Introduction to Weiqi, by Di Yansheng and Xu Ying; Chapter 4: General guidelines)"
wei-qi-ru-men-di-wu-zhang-ji-ben-gong-sha-zhao-fa-di-yan-sheng-x,"《围棋入门》第五章：基本攻杀着法（翟燕生、徐莹 编著）(Introduction to Weiqi, by Di Yansheng and Xu Ying; Chapter 5: Basic tactics)",premier,graded,Community,"《围棋入门》第五章：基本攻杀着法（翟燕生、徐莹 编著）(Introduction to Weiqi, by Di Yansheng and Xu Ying; Chapter 5: Basic tactics)"
wu-gui-bu-chu-tou-crane-nest-tesuji,烏龜不出頭 Crane Nest Tesuji,curated,technique,Community,烏龜不出頭 Crane's Nest Tesuji
wu-yan-shuang-huo-seki-without-any-eyes,無眼雙活 Seki without any eyes,premier,reference,Community,無眼雙活　Seki without any eyes
xian-zhi-hou-shi-limiting-the-influence,限制厚勢 Limiting the influence,premier,reference,Community,限制厚勢 Limiting the influence
xiang-ji-fang-fang-xiang-jiao-chi-capture-towards-own-stone,向己方方向叫吃 Capture towards own stone,curated,technique,Community,向己方方向叫吃 Capture towards own stone
xiang-yi-xian-fang-xiang-jiao-chi-capture-towards-the-first-line,向一線方向叫吃 Capture towards the first line,curated,technique,Community,向一線方向叫吃 Capture towards the first line
xiao-zhu-zui-xing-tripod-group,小豬嘴型 Tripod group,curated,reference,Community,小豬嘴型 Tripod group
xie-xing-leaf-group,葉型 Leaf group,curated,reference,Community,葉型 Leaf group
xin-shou-wei-qi-jiao-xue-level-2,新手圍棋教學 Level 2,curated,reference,Community,新手圍棋教學 Level 2
xua-xua,Xua Xua,premier,reference,Community,Xua Xua
yang-yilun-ingenious-life-death-puzzles-vol-1-2,Yang Yilun Ingenious Life & Death Puzzles Vol 1 + 2,premier,technique,Community,Yang Yilun's Ingenious Life & Death Puzzles Vol 1 + 2 [Atorrante]
yao-tou-jie-double-ko,搖頭劫 Double Ko,curated,technique,Community,搖頭劫 Double Ko
ybc-big-or-urgent-mid-game-and-opening,YBC: Big or Urgent? (Mid Game and Opening),curated,reference,Community,YBC: Big or Urgent? (Mid Game and Opening)
yi-yan-de-gong-fang-battle-of-one-eye,一眼的攻防 Battle of one eye,curated,reference,Community,一眼的攻防 Battle of one eye
yilun-yang-fundamental-principles-of-go-problems,Yilun Yang Fundamental Principles of Go problems,curated,reference,Community,Yilun Yang's Fundamental Principles of Go problems
you-yan-shuang-huo-seki-with-one-eye-each,有眼雙活 Seki with one eye each,premier,reference,Community,有眼雙活　Seki with one eye each
yuan-chuang-jie-qi-ji-02,原创诘棋集02,curated,reference,Community,原创诘棋集02
zadachi-k-uroku-1-pravila-go,Задачи к уроку 1 - Правила го,curated,reference,Community,Задачи к уроку 1 - Правила го
zadachnik-no-1-zadachi,Задачник №1(задачи).,curated,reference,Community,Задачник №1(задачи).
zadachnik-no-2,Задачник №2.,curated,reference,Community,Задачник №2.
zakhvat-i-zashchita,Захват и защита,curated,reference,Community,Захват и защита
zeng-jia-zi-yi-de-mu-enlarging-one-own-territory,增加自已的目 Enlarging one own territory,premier,reference,Community,增加自已的目 Enlarging one's own territory
zhan-jiao-control-the-corner,佔角 Control the corner,premier,reference,Community,佔角 Control the corner
zhang-gu-niu-oshi-tsubushi,脹牯牛 Oshi-Tsubushi,curated,reference,Community,脹牯牛 Oshi-Tsubushi
zheng-chi-ladder,征吃 Ladder,curated,technique,Community,征吃 Ladder
zhivye-i-mertvye-formy,Живые и мертвые формы,curated,reference,Community,Живые и мертвые формы
zhizn-i-smert-1,Жизнь и смерть.1,curated,reference,Community,Жизнь и смерть.1
zhizn-i-smert-3,Жизнь и смерть.3,curated,reference,Community,Жизнь и смерть.3
zhizn-i-smert-4,Жизнь и смерть.4,curated,reference,Community,Жизнь и смерть.4
zhizn-smert,Жизнь/Смерть,curated,reference,Community,Жизнь/Смерть
zhong-yang-tiao-one-point-jump-to-the-center,中央跳 one-point jump to the center,premier,reference,Community,中央跳 one-point jump to the center
zion153,zion153,curated,reference,Community,zion153
zuo-huo-de-shou-jin-tesuji-for-alive,做活的手筋 Tesuji for alive,premier,technique,Community,做活的手筋 Tesuji for alive
zuo-yan-makes-eyes,做眼 Makes eyes,premier,reference,Community,做眼　Makes eyes
